,multi_sample_binning/S3.bam_cov
S1:k115_2895,0.04173821270310192
S1:k115_414,0.004811168980273457
S1:k115_2481,0.019269122742351638
S1:k115_9096,0.003226650898770104
S1:k115_430,0.026610985221674877
S1:k115_4974,0.02131225080385852
S1:k115_1275,0.011478738438771735
S1:k115_4148,0.01648569326734016
S1:k115_4580,0.01401933955970647
S1:k115_9518,0.6674322797927461
S1:k115_438,0.23273138228941687
S1:k115_9524,0.021443674684448678
S1:k115_6632,0.0045665775040081005
S1:k115_6202,0.01985729204211325
S1:k115_1697,0.006609552572706935
S1:k115_2513,0.0058984984328996105
S1:k115_4987,0.015676158325246083
S1:k115_7493,0.009484734042553192
S1:k115_7046,0.004465510418031712
S1:k115_5461,0.009802876332437819
S1:k115_3361,0.021499161168708765
S1:k115_8345,0.17735447539461469
S1:k115_2127,0.08166767533104463
S1:k115_5821,0.013551372800069442
S1:k115_887,0.009645036496350365
S1:k115_6233,0.4246031283905968
S1:k115_469,0.02959207452165156
S1:k115_8349,0.008616885508406724
S1:k115_7912,0.011382251705837756
S1:k115_1325,0.023410164789892888
S1:k115_6240,0.02560196364506099
S1:k115_474,0.012104933820173436
S1:k115_5828,0.005079980005712653
S1:k115_5014,0.04895898441190364
S1:k115_7058,0.0055464010078238955
S1:k115_3754,0.006888150014823599
S1:k115_1723,0.002159151085321298
S1:k115_9590,0.010165806471961143
S1:k115_888,0.00436618193465727
S1:k115_2561,0.005477247139819783
S1:k115_7564,0.027703807898586057
S1:k115_6263,0.009767767696653256
S1:k115_5496,0.18339098243790147
S1:k115_9606,0.03742721854304636
S1:k115_7065,0.01643849105434905
S1:k115_3035,0.025175865934568747
S1:k115_8749,0.009497525386542537
S1:k115_505,0.011465691023647818
S1:k115_6271,0.011045818005808325
S1:k115_4676,0.006193889340927583
S1:k115_3047,1.636094774121584
S1:k115_7608,0.2627218644067797
S1:k115_8440,0.397018547008547
S1:k115_3786,0.013064717794054286
S1:k115_9277,0.04993248062015504
S1:k115_5073,0.025405033860045147
S1:k115_930,0.1134120618556701
S1:k115_9656,1.0326131211077736
S1:k115_6692,0.010479487672670047
S1:k115_268,0.04526430516619944
S1:k115_4716,0.03598758773223238
S1:k115_5508,0.0037419525109042987
S1:k115_8807,0.01007003569690086
S1:k115_8475,0.036227948717948724
S1:k115_287,0.02508182031862105
S1:k115_583,0.060806474620532076
S1:k115_4743,0.004569547692868867
S1:k115_1366,0.008802595708876735
S1:k115_299,0.019077227643004208
S1:k115_6731,0.2267961588249938
S1:k115_7672,0.014820965311160192
S1:k115_3479,0.017490613605212264
S1:k115_1747,0.021945462330768075
S1:k115_3083,0.06119999323867478
S1:k115_6343,0.003909533284205355
S1:k115_2250,0.006330665829145728
S1:k115_4771,0.011330257996577596
S1:k115_3114,0.022930759659463
S1:k115_960,0.009275594151338037
S1:k115_5992,0.005261566999830594
S1:k115_1777,0.003943364183248496
S1:k115_5172,0.005637490039840637
S1:k115_363,0.8163684266736129
S1:k115_3485,0.0029194912322088543
S1:k115_6359,0.005005334028654553
S1:k115_2566,0.007290834411686752
S1:k115_6753,0.0203026144904299
S1:k115_8534,0.012110026888948642
S1:k115_9358,0.013898888888888888
S1:k115_4807,0.00837807711641385
S1:k115_9693,0.015619426743400958
S1:k115_1399,0.007568092787649755
S1:k115_6049,0.041707147037307976
S1:k115_4372,0.005451837244133799
S1:k115_3924,0.02676438596491228
S1:k115_1407,0.028402745465916198
S1:k115_2360,0.018917796685574462
S1:k115_4399,0.4316377018085576
S1:k115_682,0.0028304685431416567
S1:k115_1812,0.006749978715856687
S1:k115_3150,0.011121111111111111
S1:k115_6065,0.00731871224370998
S1:k115_5651,0.022073092703696534
S1:k115_8929,0.01242532928009348
S1:k115_2569,0.008345293041728723
S1:k115_4402,0.014755828482731858
S1:k115_8065,0.012262918737718183
S1:k115_9751,0.00907683784000642
S1:k115_7686,0.007854209931881552
S1:k115_6420,0.006996268369067694
S1:k115_7690,0.053993353151010705
S1:k115_3171,0.003700807799442897
S1:k115_7357,0.05147860684451631
S1:k115_769,0.07506812022583859
S1:k115_2371,0.012725543977174047
S1:k115_5675,0.00990840424142704
S1:k115_4035,0.04222279876638397
S1:k115_8094,0.006838137078072661
S1:k115_1113,0.031228876886539494
S1:k115_6113,0.0040820845607347075
S1:k115_6786,0.011585988093269389
S1:k115_2631,0.01763879064669346
S1:k115_1881,0.0028238657726156976
S1:k115_9359,0.01505148829343058
S1:k115_4916,0.0637336084452975
S1:k115_5215,0.014045087719298245
S1:k115_8106,0.012946922458818802
S1:k115_8535,0.01140822802291316
S1:k115_5702,0.025831596244131456
S1:k115_4418,0.015879045199418396
S1:k115_2389,0.005861436580238261
S1:k115_9775,0.2101010259966212
S1:k115_1132,0.01946220245969915
S1:k115_7738,0.02310240055718929
S1:k115_1541,0.004251435562805873
S1:k115_7382,0.03185674516502959
S1:k115_3648,0.00836570614331041
S1:k115_6161,0.013262408263266329
S1:k115_8144,0.053936868044515106
S1:k115_8943,0.060524097240520824
S1:k115_4442,0.003842679581998383
S1:k115_5716,0.006281263900878484
S1:k115_5272,0.010120466204830555
S1:k115_4083,0.015492081993414338
S1:k115_6176,0.018704362017804153
S1:k115_2657,0.002027436414727286
S1:k115_1191,0.007368594179022515
S1:k115_6474,0.008061576767116893
S1:k115_2437,0.023808247691214778
S1:k115_7434,0.05847822904083112
S1:k115_1999,0.04854942455523831
S1:k115_8149,0.009397031189168145
S1:k115_6178,0.025668700980392156
S1:k115_3216,0.010013212040563484
S1:k115_8949,0.0038102354128131833
S1:k115_9380,0.006707062762978095
S1:k115_6844,0.0058776795736719765
S1:k115_5748,0.011920013233348037
S1:k115_2441,0.004285427542754275
S1:k115_5340,0.04199524480214621
S1:k115_7765,0.005307252449181479
S1:k115_6496,0.0026255923050961865
S1:k115_3684,0.01723956952421097
S1:k115_8964,0.008753469892768765
S1:k115_2677,0.0062911956704615555
S1:k115_4090,0.009592200628530665
S1:k115_6515,0.023246282194848825
S1:k115_7788,0.005197364509135955
S1:k115_1226,0.009668748562142818
S1:k115_3282,3.83863355384159
S1:k115_1237,0.05363003266194883
S1:k115_9004,0.004584789641369168
S1:k115_2026,0.0013211783917801035
S1:k115_9859,0.00760301442672741
S1:k115_1238,0.025984025974025975
S1:k115_2698,0.013409857448325017
S1:k115_7814,0.007374381288248107
S1:k115_9439,0.02713294043092522
S1:k115_6549,0.003087491229149997
S1:k115_6954,0.013223742291983663
S1:k115_8247,0.011362418558736426
S1:k115_1628,0.011411832201937653
S1:k115_9864,0.012871964825013323
S1:k115_3688,0.010593475930010584
S1:k115_9047,0.0018025373838388603
S1:k115_9463,0.04280512888479121
S1:k115_9052,0.03833087772300843
S1:k115_6971,0.024141326949384406
S1:k115_9481,0.01819181818181818
S1:k115_9876,0.009880606472840014
S1:k115_7000,1.6653510828999696
S1:k115_2821,0.006801406791406791
S1:k115_9891,0.0052009747824804595
S1:k115_2837,0.019277257736226582
S1:k115_2853,0.014080599851888422
S2:k115_8675,0.014129601328903655
S2:k115_2895,0.016996706056129986
S2:k115_414,0.028817013881640745
S2:k115_1250,0.00799684519614752
S2:k115_4957,0.00430759053121037
S2:k115_1663,0.006104906399651719
S2:k115_829,0.013806778777830412
S2:k115_430,0.016430361247947455
S2:k115_4974,0.026939260450160773
S2:k115_9510,0.009288565471226022
S2:k115_4148,0.011604006373313444
S2:k115_4580,0.0200233422281521
S2:k115_9518,0.46633124352331606
S2:k115_6623,0.09399099260823653
S2:k115_438,0.26206903527717784
S2:k115_5431,0.025564808338937456
S2:k115_5432,0.03502346671796845
S2:k115_2939,0.005974603500537792
S2:k115_4157,0.02815409778063686
S2:k115_6202,0.005226731480603243
S2:k115_459,0.017548461538461537
S2:k115_2513,0.0030017371070377055
S2:k115_4987,0.005278265631498682
S2:k115_5461,0.005469745211890111
S2:k115_8345,0.18478251624883937
S2:k115_2127,0.011044820990681707
S2:k115_141,0.019134967251768404
S2:k115_5821,0.012705037000065103
S2:k115_6233,0.18735177215189874
S2:k115_469,0.02241684793554884
S2:k115_8349,0.016623290632506005
S2:k115_1325,0.010721343037627026
S2:k115_6240,0.0062286079885194925
S2:k115_474,0.006057466910086718
S2:k115_5014,0.0605910108644308
S2:k115_4187,0.0019221161978304835
S2:k115_7058,0.007436070812889536
S2:k115_3754,0.011809584939223242
S2:k115_1723,0.013621290207034887
S2:k115_9212,0.020812919708029197
S2:k115_888,0.0015154452274183216
S2:k115_4654,0.007072600321027287
S2:k115_2561,0.006287209679052343
S2:k115_7564,0.01219917601170161
S2:k115_6263,0.01755686296327998
S2:k115_5496,0.2652979367318903
S2:k115_7065,0.08665341172499155
S2:k115_3035,0.02609098833218943
S2:k115_8749,0.010905829936107446
S2:k115_5035,0.008284647887323943
S2:k115_6271,0.008722487899322362
S2:k115_223,0.007391121362668559
S2:k115_7927,0.002342309210378776
S2:k115_4676,0.009394323298074315
S2:k115_3047,1.2030217122141662
S2:k115_7608,0.31967890027591644
S2:k115_9274,0.0131952879944483
S2:k115_8440,0.30631341880341884
S2:k115_3786,0.0029397716501507972
S2:k115_919,0.005109195283244362
S2:k115_9277,0.028227054263565893
S2:k115_4700,0.012332528797214037
S2:k115_5073,0.012876817155756207
S2:k115_930,0.2729996907216495
S2:k115_4257,0.008049492242595204
S2:k115_9656,0.9812540471829437
S2:k115_6692,0.026085362825668822
S2:k115_268,0.14097916299559474
S2:k115_4716,0.04336004423473902
S2:k115_9284,0.00959215519949733
S2:k115_5508,0.0076371779441606604
S2:k115_8807,0.03651819406133377
S2:k115_2232,0.002209967164669184
S2:k115_7134,0.010828837505303352
S2:k115_8475,0.015234358974358974
S2:k115_3829,0.01484216237314598
S2:k115_583,0.050197693814264734
S2:k115_4743,0.02125749224876892
S2:k115_1366,0.005815637358014303
S2:k115_9298,0.01247591351772497
S2:k115_6719,0.027539582226515334
S2:k115_6731,0.26065227035100824
S2:k115_3479,0.013059437653729886
S2:k115_9691,0.006965715279387896
S2:k115_1747,0.011779026592992004
S2:k115_7953,0.00534438149250379
S2:k115_6343,0.012568339474330632
S2:k115_4771,0.01784598788995656
S2:k115_6356,0.008851234010534236
S2:k115_3114,0.041267367387033405
S2:k115_960,0.003352651054596634
S2:k115_363,0.6131905157593123
S2:k115_9349,0.02487874827300359
S2:k115_6359,0.011537693912279738
S2:k115_3120,0.007881821664925112
S2:k115_2566,0.003985616220514179
S2:k115_6753,0.008728308447740253
S2:k115_8534,0.012513361118580263
S2:k115_9358,0.011265679471292854
S2:k115_4807,0.002966917708980159
S2:k115_9693,0.012645437096100054
S2:k115_1399,0.007628396719466109
S2:k115_3924,0.02676438596491228
S2:k115_8040,0.03955802259887006
S2:k115_1807,0.0038456568562366305
S2:k115_1407,0.022148836772983113
S2:k115_2360,0.019585130686241795
S2:k115_4399,0.5531639479488311
S2:k115_3571,0.009230598469032706
S2:k115_682,0.013306494560524951
S2:k115_1812,0.006838662646328485
S2:k115_7287,0.002887517828099587
S2:k115_8929,0.01308261141845137
S2:k115_2569,0.009338211962060045
S2:k115_1076,0.010910745840504877
S2:k115_5203,0.02395575121847849
S2:k115_1821,0.02870368235590234
S2:k115_724,0.01423334882410928
S2:k115_6076,0.0029790922365539063
S2:k115_7686,0.008427746091130483
S2:k115_1105,0.08381857922142326
S2:k115_6420,0.006112947081024652
S2:k115_6776,0.011060708493004189
S2:k115_7690,0.011662794292508917
S2:k115_769,0.037206944536698774
S2:k115_2371,0.00910729975602696
S2:k115_5675,0.0052073151557888685
S2:k115_4035,0.005503446414803392
S2:k115_3177,0.0039495929087327636
S2:k115_1113,0.02896886003217651
S2:k115_9359,0.009428106865387665
S2:k115_4916,0.03340731285988484
S2:k115_797,0.011043919084593378
S2:k115_5215,0.005857953216374268
S2:k115_8535,0.009395059762893516
S2:k115_5702,0.010351327242735693
S2:k115_4418,0.013815287597129501
S2:k115_6443,0.007609211933577258
S2:k115_2389,0.003759124036440084
S2:k115_9775,0.17232901964245192
S2:k115_2637,0.014707183419028984
S2:k115_1132,0.03612151942770347
S2:k115_7738,0.013196813186813186
S2:k115_1541,0.006453719412724306
S2:k115_7382,0.02950789518638277
S2:k115_3648,0.0068438765020889265
S2:k115_2432,0.009834060016075735
S2:k115_6161,0.009392482320841918
S2:k115_8144,0.055844658187599365
S2:k115_8943,0.03787219867886641
S2:k115_4083,0.009869236294313608
S2:k115_2657,0.003324359824194827
S2:k115_1191,0.028565738605161997
S2:k115_6474,0.002314617987689256
S2:k115_2437,0.03517457494672034
S2:k115_7434,0.011607004107272287
S2:k115_6178,0.03708107843137255
S2:k115_4464,0.014616565101303595
S2:k115_3216,0.00732121613973906
S2:k115_8949,0.008552122078358836
S2:k115_9380,0.009115299473705572
S2:k115_6844,0.0013989676285503713
S2:k115_5748,0.019860022055580063
S2:k115_8633,0.007879249394673124
S2:k115_3220,0.012987382276603633
S2:k115_2441,0.0018851875187518752
S2:k115_7765,0.003647872163895714
S2:k115_9397,0.005402652510953825
S2:k115_3684,0.021243995468675905
S2:k115_2677,0.004776978857046716
S2:k115_4090,0.006680908284651127
S2:k115_6515,0.03010518477043673
S2:k115_7788,0.012320312790337566
S2:k115_9858,0.018207174447174446
S2:k115_6518,0.020986424726192686
S2:k115_1226,0.00817155124249119
S2:k115_3282,4.12964512310887
S2:k115_9004,0.019943012008822807
S2:k115_2026,0.011882124347390754
S2:k115_9859,0.008193582215472875
S2:k115_3286,0.01424728813559322
S2:k115_6924,0.015105338983050847
S2:k115_1238,0.010137487191707375
S2:k115_9433,0.013434964040274892
S2:k115_2047,0.006617236497115889
S2:k115_6549,0.004749336492890995
S2:k115_8235,0.0036618783671403263
S2:k115_9451,0.005269750768732804
S2:k115_6954,0.01426482501801874
S2:k115_8247,0.02296162882527147
S2:k115_1628,0.01182045277796085
S2:k115_6963,0.010826965556504411
S2:k115_9864,0.009123519275182092
S2:k115_3688,0.00896144459500895
S2:k115_9047,0.005010235860182084
S2:k115_9463,0.07323039107218317
S2:k115_3693,0.014683805274638112
S2:k115_9052,0.06051246462076642
S2:k115_6971,0.057684418604651164
S2:k115_9481,0.036373636363636365
S2:k115_9876,0.01022860862412604
S2:k115_9878,0.031497363623808866
S2:k115_7000,1.8666358794738453
S2:k115_2821,0.0158104158004158
S2:k115_9891,0.006115294204394632
S2:k115_2837,0.006254178424811122
S2:k115_2853,0.011365220933102937
S3:k115_8675,0.017728715393133997
S3:k115_414,0.005124288696378248
S3:k115_7861,0.01483552883746158
S3:k115_2481,0.028576162919277552
S3:k115_2916,0.024894386698964984
S3:k115_9096,0.015084109113844214
S3:k115_829,0.014813410705826622
S3:k115_3739,0.004375541327124563
S3:k115_9510,0.03118180984153461
S3:k115_437,0.013499736070381232
S3:k115_4580,0.016020673782521682
S3:k115_9518,0.5223545595854922
S3:k115_6623,0.02781711017247448
S3:k115_438,0.18197544276457883
S3:k115_9524,0.04168658966420576
S3:k115_8308,0.013689311803694823
S3:k115_2939,0.011156963919037841
S3:k115_4157,0.0183438694113863
S3:k115_9525,0.020250014329213684
S3:k115_1298,0.014862535539995756
S3:k115_6632,0.00844810648890389
S3:k115_6202,0.01447457365076354
S3:k115_1697,0.01030082774049217
S3:k115_2513,0.009650041789343717
S3:k115_871,0.0260528670200507
S3:k115_2123,0.002011153206932809
S3:k115_8345,0.14392829155060355
S3:k115_2974,0.009967557949722494
S3:k115_5821,0.005847546928235064
S3:k115_6233,0.3023608137432188
S3:k115_8349,0.011419127301841473
S3:k115_1325,0.03522010711343038
S3:k115_6240,0.013523513513513514
S3:k115_474,0.019749844819717022
S3:k115_9191,0.04159302265557786
S3:k115_5014,0.05008085498346718
S3:k115_7058,0.006905637183397427
S3:k115_3754,0.006562030833086273
S3:k115_1723,0.011400500752202879
S3:k115_9212,0.00949905109489051
S3:k115_888,0.001963875720691864
S3:k115_4654,0.004183354735152488
S3:k115_2561,0.011551966184063987
S3:k115_7564,0.027021214041930766
S3:k115_6263,0.011907629033638619
S3:k115_5496,0.20403480228715704
S3:k115_9606,0.016566291390728478
S3:k115_7065,0.03264193428603578
S3:k115_8749,0.009112094667714248
S3:k115_223,0.01619168914123492
S3:k115_4676,0.012974469758611338
S3:k115_7091,0.010546667603259343
S3:k115_3047,1.5435125097601785
S3:k115_7608,0.2250789791091841
S3:k115_8440,0.3872963247863248
S3:k115_919,0.02518727671101904
S3:k115_251,0.0313913393107313
S3:k115_9277,0.05086271317829458
S3:k115_5073,0.023034830699774266
S3:k115_930,0.5274326804123711
S3:k115_264,0.016970886119764623
S3:k115_9656,1.0563511238918604
S3:k115_6692,0.014282600104913445
S3:k115_268,0.12175609531437726
S3:k115_5508,0.004021848949222121
S3:k115_8807,0.009583259776083076
S3:k115_8475,0.03302282051282052
S3:k115_287,0.02899929224340559
S3:k115_583,0.02334931777378815
S3:k115_4743,0.010132195878168885
S3:k115_1366,0.016164816996213714
S3:k115_9298,0.004425011037527593
S3:k115_6719,0.016431154310553007
S3:k115_5545,0.02429522218394764
S3:k115_299,0.008961750067138126
S3:k115_6731,0.5245307866567089
S3:k115_3479,0.021583818509547683
S3:k115_7165,0.011614025467241733
S3:k115_9691,0.005458643635520519
S3:k115_1747,0.014266381149525066
S3:k115_3083,0.06119999323867478
S3:k115_6343,0.005321962662736428
S3:k115_9303,0.0038633325305557228
S3:k115_4771,0.012383305252073186
S3:k115_6356,0.006876064710308502
S3:k115_3114,0.04454176162409954
S3:k115_960,0.01695782727681451
S3:k115_1777,0.0065463257751041184
S3:k115_363,0.5459855144568898
S3:k115_8515,0.014853188891548958
S3:k115_9349,0.03924735838629456
S3:k115_3485,0.002971914497654059
S3:k115_2566,0.00950470697369857
S3:k115_6753,0.004970416875438421
S3:k115_8534,0.007673350363000806
S3:k115_9358,0.0041921561338289955
S3:k115_4807,0.0024346725213637305
S3:k115_9693,0.010539530913416712
S3:k115_1399,0.002924690037790464
S3:k115_4372,0.003155282076884673
S3:k115_8040,0.013985617008623252
S3:k115_1807,0.004214470015490152
S3:k115_2359,0.010744463276836157
S3:k115_1407,0.05692056910569106
S3:k115_5195,0.004977066191555987
S3:k115_4399,0.39502543890604325
S3:k115_682,0.00487386922235653
S3:k115_3150,0.005791391147244806
S3:k115_6065,0.02090127482051614
S3:k115_8929,0.0060533441054572675
S3:k115_2569,0.012081803715607117
S3:k115_8065,0.039543001965090745
S3:k115_6395,0.004785669222068618
S3:k115_3959,0.0053261037049153505
S3:k115_1821,0.02820028441983388
S3:k115_2576,0.011532269000664746
S3:k115_724,0.009867766511758906
S3:k115_9751,0.0038614001444275056
S3:k115_7339,0.01265614650441422
S3:k115_7686,0.0110218942575795
S3:k115_1105,0.05133655591371188
S3:k115_6420,0.00988713803902674
S3:k115_7690,0.04471868014268728
S3:k115_7357,0.02534009970358394
S3:k115_6078,0.02124654616535547
S3:k115_769,0.033885788774493525
S3:k115_2371,0.008569732043170823
S3:k115_5675,0.00888983493953877
S3:k115_1502,0.00839466803559206
S3:k115_4035,0.042126422513492676
S3:k115_3177,0.005372223681330707
S3:k115_8094,0.022169237309971657
S3:k115_1113,0.03502110855741975
S3:k115_6113,0.004168724657771616
S3:k115_6786,0.009436161733090788
S3:k115_2631,0.00969213372305444
S3:k115_788,0.0037444088430801403
S3:k115_4909,0.005633721881390593
S3:k115_9359,0.007102648380106759
S3:k115_5215,0.008781929824561403
S3:k115_8535,0.011301248067066706
S3:k115_5702,0.003626292348686715
S3:k115_4418,0.0073113242444614686
S3:k115_2389,0.010381408549404345
S3:k115_9775,0.1797422171512141
S3:k115_2637,0.018256348455203165
S3:k115_1132,0.017306290852075065
S3:k115_7738,0.018892525924779444
S3:k115_7382,0.042319804160819964
S3:k115_800,0.00505734679292478
S3:k115_8140,0.008952161339421612
S3:k115_3648,0.00552304322857594
S3:k115_2432,0.011352323836741984
S3:k115_6161,0.011230001113647753
S3:k115_8144,0.08191779014308426
S3:k115_9805,0.007031686447523768
S3:k115_8943,0.04434157363911428
S3:k115_4442,0.009561756145761595
S3:k115_5716,0.011206871984969278
S3:k115_5272,0.021167086687886163
S3:k115_4083,0.007693272034045175
S3:k115_1191,0.027137951674903897
S3:k115_6474,0.003919098865194434
S3:k115_9807,0.0035915916004317537
S3:k115_1999,0.018459374039095103
S3:k115_8149,0.007234120776917419
S3:k115_6178,0.03463009803921569
S3:k115_3216,0.006495262851986111
S3:k115_8949,0.0027004321506642003
S3:k115_5726,0.005067657293141816
S3:k115_9380,0.007816475180279519
S3:k115_6844,0.0019375469130903113
S3:k115_8633,0.017443414043583533
S3:k115_2441,0.014073906390639063
S3:k115_5340,0.07244460764587525
S3:k115_9397,0.014334233232221098
S3:k115_5774,0.029386736800317587
S3:k115_3684,0.011680794035512934
S3:k115_8964,0.015242334341490239
S3:k115_2677,0.0037675009814368233
S3:k115_4090,0.009399399811055198
S3:k115_7788,0.019830377825952306
S3:k115_9858,0.01360029484029484
S3:k115_6518,0.01671688695006497
S3:k115_1226,0.00630918384487575
S3:k115_3282,4.106209940670424
S3:k115_9004,0.015204837023119026
S3:k115_2026,0.008568418957255583
S3:k115_9859,0.004059607694254619
S3:k115_2698,0.0065673770491803275
S3:k115_6549,0.0036414396503969965
S3:k115_9451,0.009194334034633435
S3:k115_6954,0.009419786177624729
S3:k115_8247,0.007537147087857848
S3:k115_1628,0.010067338693732287
S3:k115_9864,0.006778520163439331
S3:k115_3688,0.010138485376010128
S3:k115_9047,0.010246331902448228
S3:k115_9463,0.0336237681994545
S3:k115_8253,0.004809728156989338
S3:k115_9052,0.020362997296867545
S3:k115_6971,0.034209726402188785
S3:k115_9481,0.019261336898395723
S3:k115_9876,0.003205292479989876
S3:k115_9878,0.0232112153017539
S3:k115_7000,1.7828181982257572
S3:k115_2821,0.01885961884961885
S3:k115_9889,0.004217573632538569
S3:k115_9891,0.0018681330187288012
S3:k115_2837,0.007875594921861524
S4:k115_414,0.009299218244442124
S4:k115_7861,0.032011446393057315
S4:k115_2481,0.029129056395134537
S4:k115_9096,0.016219397666351307
S4:k115_8709,0.015175031222123103
S4:k115_829,0.015464760776882993
S4:k115_3739,0.00830452852153667
S4:k115_430,0.009533809523809524
S4:k115_9510,0.011894904086738949
S4:k115_6620,0.0052513793103448276
S4:k115_4580,0.00690348454525239
S4:k115_9518,0.3206058549222798
S4:k115_6623,0.056680186554030274
S4:k115_438,0.31066514758819297
S4:k115_8308,0.0033945719926667607
S4:k115_2939,0.024552876698934193
S4:k115_4157,0.018183045995496944
S4:k115_6632,0.009545060332461395
S4:k115_6202,0.004017398273736128
S4:k115_1697,0.011419395973154362
S4:k115_2513,0.008082941399943014
S4:k115_871,0.019369299377736807
S4:k115_2123,0.003876635010005766
S4:k115_5000,0.024205765740995325
S4:k115_8345,0.18447301454658002
S4:k115_2127,0.03605708190289358
S4:k115_141,0.029614401362326435
S4:k115_4607,0.002614511543724893
S4:k115_5821,0.012748438835962762
S4:k115_6233,0.237261356238698
S4:k115_469,0.00567465256797583
S4:k115_8349,0.011319047237790232
S4:k115_1325,0.012588961823674815
S4:k115_474,0.02602551802829758
S4:k115_5014,0.044235318847425605
S4:k115_3754,0.016404900681885562
S4:k115_1723,0.005454516082813955
S4:k115_9590,0.005119443007632624
S4:k115_9212,0.020812919708029197
S4:k115_888,0.007120826393337604
S4:k115_2561,0.011450720866659917
S4:k115_7564,0.004983183812774256
S4:k115_3438,0.0091424200913242
S4:k115_6263,0.007799095266626722
S4:k115_5496,0.2310277106152304
S4:k115_9606,0.024844437086092713
S4:k115_7065,0.033767173399347365
S4:k115_8749,0.011128193812354536
S4:k115_5035,0.007492394366197182
S4:k115_505,0.0144114401440144
S4:k115_223,0.03237337828246984
S4:k115_3047,1.4127261182375908
S4:k115_7608,0.22902064249113127
S4:k115_8440,0.2862279487179487
S4:k115_251,0.015700669655365648
S4:k115_9277,0.0986146511627907
S4:k115_5073,0.017617223476297968
S4:k115_930,0.2152677319587629
S4:k115_3061,0.037921539740605255
S4:k115_9656,0.9805213927760275
S4:k115_6692,0.010894770064696625
S4:k115_948,0.06694069306930693
S4:k115_5508,0.00864014018146619
S4:k115_8807,0.02726945156579588
S4:k115_7134,0.030981574034789988
S4:k115_8475,0.01811897435897436
S4:k115_287,0.014635228519195612
S4:k115_7661,0.007947632884479092
S4:k115_583,0.03412131059245961
S4:k115_4743,0.020710346525624656
S4:k115_1366,0.009475713083718973
S4:k115_9298,0.0033212582781456954
S4:k115_6719,0.030195945423810672
S4:k115_8494,0.024211596806387226
S4:k115_588,0.009980089730807577
S4:k115_6731,0.3408115932287777
S4:k115_7672,0.008195007145641158
S4:k115_3479,0.016683238325916745
S4:k115_7165,0.00781447730540152
S4:k115_1747,0.012313223544730648
S4:k115_6343,0.008392461311717022
S4:k115_9303,0.003983749172135589
S4:k115_2250,0.007115841708542714
S4:k115_4771,0.014621030670001317
S4:k115_3114,0.03733809430255403
S4:k115_960,0.004310486736907949
S4:k115_7966,0.006939964430271065
S4:k115_8505,0.0025280211316283203
S4:k115_1777,0.002786492364645997
S4:k115_5172,0.005687290836653386
S4:k115_363,0.8038651706173482
S4:k115_8515,0.027302315058654537
S4:k115_9349,0.02239187344570323
S4:k115_3485,0.002971914497654059
S4:k115_3120,0.007951483803552768
S4:k115_2566,0.007244062456151291
S4:k115_6753,0.002665576711093296
S4:k115_7245,0.06293189006750241
S4:k115_8021,0.033024769765421375
S4:k115_8534,0.003774452809895133
S4:k115_9358,0.012608099958694753
S4:k115_4807,0.002316395813004524
S4:k115_9693,0.01762887920779346
S4:k115_1399,0.00246235989386508
S4:k115_4372,0.003704458312531203
S4:k115_3924,0.014702982456140351
S4:k115_1807,0.007607551080622556
S4:k115_1407,0.03953470293933709
S4:k115_6754,0.0016340796881767
S4:k115_5195,0.0030874214447683835
S4:k115_4399,0.5617656241729158
S4:k115_682,0.009334814367121394
S4:k115_1812,0.01366732529265697
S4:k115_7287,0.002887517828099587
S4:k115_6065,0.014045314662699695
S4:k115_8929,0.009011113728067772
S4:k115_2569,0.011350179247994564
S4:k115_2576,0.01618549302016397
S4:k115_3976,0.03278792952745152
S4:k115_724,0.015923251654696522
S4:k115_7686,0.005692419793174037
S4:k115_1105,0.04538565088023804
S4:k115_3171,0.01351974930362117
S4:k115_7357,0.030729482619240096
S4:k115_6078,0.003919455089531347
S4:k115_2371,0.0105132460819584
S4:k115_6777,0.006885339243712683
S4:k115_5675,0.0028567706129697824
S4:k115_6440,0.0032681613748163293
S4:k115_8094,0.021267407884565832
S4:k115_1113,0.02789630966061442
S4:k115_6113,0.008327449315543233
S4:k115_5690,0.01800370220422852
S4:k115_4909,0.0017354601226993865
S4:k115_1881,0.007912771957133448
S4:k115_9359,0.009565520321336082
S4:k115_1887,0.025621175785797437
S4:k115_5215,0.017415355493998152
S4:k115_8535,0.013119907316456434
S4:k115_5702,0.012381526456033498
S4:k115_4418,0.010813458357436563
S4:k115_2389,0.010977063770147162
S4:k115_9775,0.18463391890869665
S4:k115_2637,0.0021030973290257996
S4:k115_1132,0.0265179131755598
S4:k115_7738,0.01099901098901099
S4:k115_7382,0.04302140869989629
S4:k115_6815,0.0019022618568322732
S4:k115_3648,0.011021729573744131
S4:k115_2432,0.016978830936858088
S4:k115_6161,0.02136419566791024
S4:k115_8144,0.061059284578696346
S4:k115_8943,0.043432953560427784
S4:k115_4442,0.009352156481121058
S4:k115_5716,0.00912491392880719
S4:k115_5272,0.020979855832241153
S4:k115_4083,0.010369900637384221
S4:k115_2657,0.003900770228402623
S4:k115_6474,0.003889926485603431
S4:k115_2437,0.031149000710395454
S4:k115_9807,0.0036897173977038563
S4:k115_7434,0.031176948538294273
S4:k115_1999,0.03141786294750714
S4:k115_8149,0.009440289397413159
S4:k115_6178,0.01762642156862745
S4:k115_3216,0.01137450542223038
S4:k115_8949,0.014269290398520262
S4:k115_9380,0.012402948466440274
S4:k115_8633,0.005942203389830508
S4:k115_3220,0.018919899888765294
S4:k115_2441,0.007098208820882088
S4:k115_5340,0.0619818309859155
S4:k115_7765,0.006360320707151291
S4:k115_6496,0.004777127910901113
S4:k115_6872,0.020473600144875044
S4:k115_3684,0.010943136624690446
S4:k115_8964,0.0059489606818806705
S4:k115_2677,0.005001307273848914
S4:k115_4090,0.005446983052808143
S4:k115_6515,0.02380619260918253
S4:k115_8181,0.002289660732843877
S4:k115_7788,0.007752335088262619
S4:k115_9412,0.01952930080116533
S4:k115_1226,0.0017810748781244864
S4:k115_3282,4.101166926727974
S4:k115_9004,0.018390851237643984
S4:k115_2026,0.01340785920328033
S4:k115_9433,0.018069773054179318
S4:k115_2698,0.016260890947968638
S4:k115_2047,0.004834331410592554
S4:k115_6549,0.007026680002461993
S4:k115_9451,0.005350670011328693
S4:k115_6954,0.002772873388323857
S4:k115_1628,0.012650875238911223
S4:k115_6963,0.021786259607173356
S4:k115_9864,0.007506891099662462
S4:k115_6606,0.011031421918658801
S4:k115_3688,0.006449105449006439
S4:k115_9047,0.007384561693161627
S4:k115_9463,0.032932284967922866
S4:k115_3693,0.018253109260360896
S4:k115_8253,0.002431101813702587
S4:k115_9052,0.048268864684369535
S4:k115_6971,0.006248030095759234
S4:k115_9481,0.019047433155080215
S4:k115_9876,0.0103235183017495
S4:k115_7000,1.8498111624349955
S4:k115_9889,0.0059567040673211774
S4:k115_9891,0.0024580165167379445
S4:k115_2837,0.01023872322075413
S4:k115_2859,0.008748260514495712
S5:k115_8675,0.02548065337763012
S5:k115_414,0.006168021083394217
S5:k115_2481,0.017610442314780685
S5:k115_1663,0.00784630822812364
S5:k115_2916,0.024894386698964984
S5:k115_9096,0.010164525386313466
S5:k115_829,0.006701141639033633
S5:k115_3739,0.007213143189755529
S5:k115_430,0.008220180623973727
S5:k115_4974,0.018900675241157554
S5:k115_4148,0.008146144823377856
S5:k115_9518,0.5356317616580311
S5:k115_438,0.3707803383729302
S5:k115_4583,0.01970914040114613
S5:k115_8308,0.007413751233958539
S5:k115_2939,0.018979394739415272
S5:k115_4157,0.018183045995496944
S5:k115_1298,0.0241984150222788
S5:k115_6632,0.01384849464180238
S5:k115_6202,0.004989607322394005
S5:k115_1697,0.012649821029082773
S5:k115_459,0.024625384615384615
S5:k115_2513,0.007560574603476113
S5:k115_4987,0.003660815656915754
S5:k115_8345,0.21542318477251626
S5:k115_2127,0.028210098087297696
S5:k115_141,0.012061349227141733
S5:k115_4607,0.0056604657219794284
S5:k115_5821,0.020517367461643628
S5:k115_6233,0.32044399638336346
S5:k115_8349,0.02923337870296237
S5:k115_7912,0.018458319433914582
S5:k115_1325,0.013412911288107662
S5:k115_5014,0.05297410014170997
S5:k115_7058,0.005612705211510409
S5:k115_3754,0.003226721019863623
S5:k115_9590,0.005813317983977795
S5:k115_888,0.006992703395259449
S5:k115_2561,0.011551966184063987
S5:k115_7564,0.03209191126279864
S5:k115_6263,0.009682173243173843
S5:k115_5496,0.204480352355846
S5:k115_9606,0.019877549668874173
S5:k115_7065,0.07416325756723303
S5:k115_8749,0.013989275686733771
S5:k115_505,0.010565601014646918
S5:k115_6271,0.00649596321393998
S5:k115_223,0.03890283179559972
S5:k115_3043,1e-05
S5:k115_4676,0.008797632221318144
S5:k115_7091,0.01939746838999719
S5:k115_3047,1.406312286670385
S5:k115_7608,0.36343136381553015
S5:k115_8440,0.33932623931623934
S5:k115_3786,0.003025941404566997
S5:k115_919,0.004551470799139511
S5:k115_9277,0.035048759689922486
S5:k115_5073,0.00949081264108352
S5:k115_930,0.13568010309278353
S5:k115_9656,1.1326204476518427
S5:k115_6692,0.014173315264906452
S5:k115_268,0.11174408089707649
S5:k115_4716,0.042180451194337956
S5:k115_5508,0.00812699671121685
S5:k115_3069,0.029315354558610708
S5:k115_8807,0.007960673373357131
S5:k115_8475,0.023407435897435897
S5:k115_287,0.018813865238965787
S5:k115_583,0.018616169414068875
S5:k115_4743,0.005390266277585263
S5:k115_1366,0.005710462768195204
S5:k115_588,0.010644762379528081
S5:k115_6731,0.24447104057754543
S5:k115_7672,0.026903594907106664
S5:k115_3479,0.016664462156630803
S5:k115_7165,0.011614025467241733
S5:k115_3846,0.007501715891081976
S5:k115_1747,0.01728793265779677
S5:k115_7953,0.003322931663765512
S5:k115_6343,0.00848457627118644
S5:k115_8501,0.014044223808937583
S5:k115_4771,0.01093536527576675
S5:k115_3114,0.03733809430255403
S5:k115_960,0.004447320405809566
S5:k115_2268,0.012863470437017995
S5:k115_8505,0.0025280211316283203
S5:k115_5992,0.009581404370658986
S5:k115_1777,0.013718931050439611
S5:k115_5172,0.008326733067729084
S5:k115_363,0.6462720474081791
S5:k115_5587,0.02548953048955053
S5:k115_8515,0.027302315058654537
S5:k115_9349,0.013825971262779773
S5:k115_3485,0.006353215118869754
S5:k115_6359,0.006267890980951858
S5:k115_8516,0.06120162640901772
S5:k115_2566,0.006643822360112876
S5:k115_6753,0.012185568694257942
S5:k115_7245,0.011581841851494697
S5:k115_8534,0.004312231782737295
S5:k115_4807,0.008673768887311866
S5:k115_9693,0.0169215519403273
S5:k115_1399,0.002261346787810565
S5:k115_4372,0.004902661008487269
S5:k115_3924,0.020185438596491228
S5:k115_1407,0.031904934333958725
S5:k115_1070,0.030573002680965147
S5:k115_4399,0.44619438464931627
S5:k115_682,0.00870164795947735
S5:k115_3150,0.01030810298102981
S5:k115_6065,0.01320448936032598
S5:k115_8929,0.007513971079585912
S5:k115_2569,0.013126981526482192
S5:k115_4402,0.00647746863277713
S5:k115_8065,0.013072073748699571
S5:k115_2576,0.02305453800132949
S5:k115_9751,0.00907683784000642
S5:k115_7339,0.01838270341207349
S5:k115_7686,0.01016600183531571
S5:k115_1105,0.012407718819737169
S5:k115_6420,0.009003816750983698
S5:k115_9758,0.01832145681413061
S5:k115_6776,0.0025350274782402044
S5:k115_7690,0.026644958382877525
S5:k115_3171,0.003979359331476323
S5:k115_6078,0.008166764322602441
S5:k115_2371,0.006274731422900384
S5:k115_5675,0.0025433646739272376
S5:k115_4035,0.011767902852737086
S5:k115_3177,0.008272201794703437
S5:k115_1113,0.05827246839806941
S5:k115_6786,0.027296257648420703
S5:k115_9359,0.00938582580201892
S5:k115_5215,0.010228528778085564
S5:k115_8106,0.02451783447167537
S5:k115_8535,0.014034099666417046
S5:k115_5702,0.034206167998984904
S5:k115_4418,0.009906655774612654
S5:k115_6443,0.002648615254714326
S5:k115_2389,0.004004393833216538
S5:k115_9775,0.1828184419677753
S5:k115_2637,1e-05
S5:k115_1132,0.01701230290558087
S5:k115_7738,0.007315370685652375
S5:k115_1541,0.006127455138662316
S5:k115_7382,0.03942187236898298
S5:k115_1923,0.018826471229888193
S5:k115_8140,0.023411826484018263
S5:k115_3648,0.014151530156633597
S5:k115_2432,0.010191298562114853
S5:k115_6161,0.0044645910128626315
S5:k115_8144,0.0629670747217806
S5:k115_8943,0.06115104509481451
S5:k115_4442,0.0034234802527173098
S5:k115_5716,0.008566339816178338
S5:k115_4083,0.005671358340875392
S5:k115_2657,0.002639872469198069
S5:k115_1191,0.018900719384953323
S5:k115_6474,0.007769852971206861
S5:k115_2437,0.04665930144447076
S5:k115_9807,0.0027575223236188796
S5:k115_7434,0.012573421116211646
S5:k115_1999,0.024828800790687458
S5:k115_8149,0.002735267119435913
S5:k115_6178,0.025898480392156864
S5:k115_3216,0.005990513620581532
S5:k115_8949,0.0027004321506642003
S5:k115_9380,0.007857063439449082
S5:k115_6844,0.0032131294291059586
S5:k115_8633,0.020227917675544795
S5:k115_3220,0.009464949944382647
S5:k115_2441,0.014898988898889888
S5:k115_5340,0.021069691482226694
S5:k115_7765,0.0015417356479560903
S5:k115_6496,0.0075614681066486665
S5:k115_5774,0.018469706232631996
S5:k115_3684,0.015527150534801623
S5:k115_8964,0.0027870140225460544
S5:k115_2677,0.008674685098984914
S5:k115_9407,0.00690391037916507
S5:k115_4090,0.013062615343089055
S5:k115_6515,0.0067289249720044785
S5:k115_7788,0.030437376896872096
S5:k115_1226,0.004574625974547645
S5:k115_3282,4.496895197270839
S5:k115_1237,0.017974071856287424
S5:k115_9004,0.004584789641369168
S5:k115_2026,0.006804288030133263
S5:k115_9859,0.01814886779718215
S5:k115_9451,0.005188831526136915
S5:k115_6954,0.015986615680307518
S5:k115_8247,0.025799733464955576
S5:k115_1628,0.009355548012917683
S5:k115_9864,0.009354466157399183
S5:k115_3688,0.005341302361005331
S5:k115_9047,0.010199159866031416
S5:k115_9463,0.03281703776266759
S5:k115_8253,0.002261199932039247
S5:k115_8254,0.021353873517786563
S5:k115_9052,0.04930241532835109
S5:k115_6971,0.015550355677154582
S5:k115_9481,0.013699839572192512
S5:k115_9876,0.006811860229681419
S5:k115_9486,0.0028911524609843936
S5:k115_9878,0.01409645214749344
S5:k115_7000,1.401050073416947
S5:k115_2821,0.02177022176022176
S5:k115_9889,0.006068906030855539
S5:k115_9891,0.0050535039079781735
S5:k115_2837,0.01073894745920585
S1:k115_1656,1e-05
S1:k115_8675,1e-05
S1:k115_6198,1e-05
S1:k115_828,1e-05
S1:k115_1658,1e-05
S1:k115_2074,1e-05
S1:k115_9501,1e-05
S1:k115_7445,1e-05
S1:k115_4141,1e-05
S1:k115_4562,1e-05
S1:k115_1250,1e-05
S1:k115_7861,1e-05
S1:k115_5802,1e-05
S1:k115_4957,1e-05
S1:k115_9509,1e-05
S1:k115_7447,1e-05
S1:k115_1663,1e-05
S1:k115_2916,1e-05
S1:k115_1665,1e-05
S1:k115_8709,1e-05
S1:k115_829,1e-05
S1:k115_3739,1e-05
S1:k115_1267,1e-05
S1:k115_9510,1e-05
S1:k115_437,1e-05
S1:k115_6620,1e-05
S1:k115_842,1e-05
S1:k115_6623,1e-05
S1:k115_843,1e-05
S1:k115_3318,1e-05
S1:k115_5431,1e-05
S1:k115_4583,1e-05
S1:k115_5432,1e-05
S1:k115_7868,1e-05
S1:k115_8308,1e-05
S1:k115_2939,1e-05
S1:k115_4157,1e-05
S1:k115_9127,1e-05
S1:k115_1695,1e-05
S1:k115_7043,1e-05
S1:k115_9525,1e-05
S1:k115_1298,1e-05
S1:k115_860,1e-05
S1:k115_9526,1e-05
S1:k115_4169,1e-05
S1:k115_8325,1e-05
S1:k115_459,1e-05
S1:k115_4173,1e-05
S1:k115_7887,1e-05
S1:k115_871,1e-05
S1:k115_2515,1e-05
S1:k115_6636,1e-05
S1:k115_1319,1e-05
S1:k115_7500,1e-05
S1:k115_2123,1e-05
S1:k115_5000,1e-05
S1:k115_6222,1e-05
S1:k115_9154,1e-05
S1:k115_9544,1e-05
S1:k115_2520,1e-05
S1:k115_5001,1e-05
S1:k115_3362,1e-05
S1:k115_2974,1e-05
S1:k115_1716,1e-05
S1:k115_7903,1e-05
S1:k115_141,1e-05
S1:k115_4607,1e-05
S1:k115_2530,1e-05
S1:k115_2979,1e-05
S1:k115_2137,1e-05
S1:k115_2535,1e-05
S1:k115_2988,1e-05
S1:k115_6672,1e-05
S1:k115_1329,1e-05
S1:k115_9191,1e-05
S1:k115_2547,1e-05
S1:k115_8369,1e-05
S1:k115_2152,1e-05
S1:k115_3003,1e-05
S1:k115_4187,1e-05
S1:k115_6682,1e-05
S1:k115_6251,1e-05
S1:k115_7560,1e-05
S1:k115_2160,1e-05
S1:k115_490,1e-05
S1:k115_5023,1e-05
S1:k115_6683,1e-05
S1:k115_9212,1e-05
S1:k115_198,1e-05
S1:k115_4206,1e-05
S1:k115_4654,1e-05
S1:k115_492,1e-05
S1:k115_3027,1e-05
S1:k115_3438,1e-05
S1:k115_891,1e-05
S1:k115_8408,1e-05
S1:k115_3443,1e-05
S1:k115_5499,1e-05
S1:k115_1334,1e-05
S1:k115_7575,1e-05
S1:k115_5035,1e-05
S1:k115_3036,1e-05
S1:k115_4227,1e-05
S1:k115_216,1e-05
S1:k115_7070,1e-05
S1:k115_5036,1e-05
S1:k115_8755,1e-05
S1:k115_1735,1e-05
S1:k115_3039,1e-05
S1:k115_3462,1e-05
S1:k115_223,1e-05
S1:k115_4239,1e-05
S1:k115_9261,1e-05
S1:k115_3043,1e-05
S1:k115_1742,1e-05
S1:k115_7927,1e-05
S1:k115_5055,1e-05
S1:k115_5882,1e-05
S1:k115_7091,1e-05
S1:k115_2227,1e-05
S1:k115_3478,1e-05
S1:k115_9648,1e-05
S1:k115_6285,1e-05
S1:k115_9274,1e-05
S1:k115_524,1e-05
S1:k115_919,1e-05
S1:k115_5885,1e-05
S1:k115_251,1e-05
S1:k115_8441,1e-05
S1:k115_7096,1e-05
S1:k115_3794,1e-05
S1:k115_4700,1e-05
S1:k115_3058,1e-05
S1:k115_9279,1e-05
S1:k115_264,1e-05
S1:k115_4257,1e-05
S1:k115_3061,1e-05
S1:k115_7644,1e-05
S1:k115_3801,1e-05
S1:k115_8802,1e-05
S1:k115_948,1e-05
S1:k115_9284,1e-05
S1:k115_8463,1e-05
S1:k115_5908,1e-05
S1:k115_7651,1e-05
S1:k115_3808,1e-05
S1:k115_3069,1e-05
S1:k115_7654,1e-05
S1:k115_278,1e-05
S1:k115_8473,1e-05
S1:k115_9671,1e-05
S1:k115_2232,1e-05
S1:k115_7134,1e-05
S1:k115_7942,1e-05
S1:k115_9676,1e-05
S1:k115_5932,1e-05
S1:k115_4282,1e-05
S1:k115_7661,1e-05
S1:k115_8825,1e-05
S1:k115_6715,1e-05
S1:k115_3829,1e-05
S1:k115_9680,1e-05
S1:k115_5940,1e-05
S1:k115_9298,1e-05
S1:k115_7669,1e-05
S1:k115_8835,1e-05
S1:k115_6719,1e-05
S1:k115_5129,1e-05
S1:k115_4294,1e-05
S1:k115_5545,1e-05
S1:k115_8494,1e-05
S1:k115_5947,1e-05
S1:k115_588,1e-05
S1:k115_3080,1e-05
S1:k115_4298,1e-05
S1:k115_1382,1e-05
S1:k115_7165,1e-05
S1:k115_3846,1e-05
S1:k115_9691,1e-05
S1:k115_300,1e-05
S1:k115_7953,1e-05
S1:k115_5961,1e-05
S1:k115_8501,1e-05
S1:k115_608,1e-05
S1:k115_7681,1e-05
S1:k115_1392,1e-05
S1:k115_9303,1e-05
S1:k115_3094,1e-05
S1:k115_610,1e-05
S1:k115_3856,1e-05
S1:k115_7201,1e-05
S1:k115_3857,1e-05
S1:k115_4777,1e-05
S1:k115_5563,1e-05
S1:k115_9317,1e-05
S1:k115_6356,1e-05
S1:k115_2268,1e-05
S1:k115_9323,1e-05
S1:k115_343,1e-05
S1:k115_7966,1e-05
S1:k115_5574,1e-05
S1:k115_3115,1e-05
S1:k115_4335,1e-05
S1:k115_6744,1e-05
S1:k115_3877,1e-05
S1:k115_8505,1e-05
S1:k115_8910,1e-05
S1:k115_5997,1e-05
S1:k115_2289,1e-05
S1:k115_4345,1e-05
S1:k115_7219,1e-05
S1:k115_5587,1e-05
S1:k115_8515,1e-05
S1:k115_646,1e-05
S1:k115_5177,1e-05
S1:k115_9349,1e-05
S1:k115_8516,1e-05
S1:k115_3120,1e-05
S1:k115_1779,1e-05
S1:k115_7220,1e-05
S1:k115_5179,1e-05
S1:k115_6004,1e-05
S1:k115_373,1e-05
S1:k115_5591,1e-05
S1:k115_6360,1e-05
S1:k115_1789,1e-05
S1:k115_3121,1e-05
S1:k115_383,1e-05
S1:k115_1790,1e-05
S1:k115_3897,1e-05
S1:k115_2568,1e-05
S1:k115_6362,1e-05
S1:k115_8014,1e-05
S1:k115_7245,1e-05
S1:k115_6034,1e-05
S1:k115_3122,1e-05
S1:k115_5606,1e-05
S1:k115_8021,1e-05
S1:k115_3522,1e-05
S1:k115_402,1e-05
S1:k115_3124,1e-05
S1:k115_1044,1e-05
S1:k115_4808,1e-05
S1:k115_6382,1e-05
S1:k115_404,1e-05
S1:k115_5619,1e-05
S1:k115_3128,1e-05
S1:k115_8040,1e-05
S1:k115_6053,1e-05
S1:k115_1807,1e-05
S1:k115_2359,1e-05
S1:k115_6754,1e-05
S1:k115_1070,1e-05
S1:k115_5195,1e-05
S1:k115_1418,1e-05
S1:k115_5649,1e-05
S1:k115_6768,1e-05
S1:k115_3571,1e-05
S1:k115_5201,1e-05
S1:k115_7287,1e-05
S1:k115_1076,1e-05
S1:k115_6067,1e-05
S1:k115_5203,1e-05
S1:k115_5654,1e-05
S1:k115_1819,1e-05
S1:k115_9743,1e-05
S1:k115_6395,1e-05
S1:k115_1440,1e-05
S1:k115_3959,1e-05
S1:k115_1821,1e-05
S1:k115_4887,1e-05
S1:k115_4411,1e-05
S1:k115_2576,1e-05
S1:k115_3602,1e-05
S1:k115_3976,1e-05
S1:k115_4893,1e-05
S1:k115_724,1e-05
S1:k115_1091,1e-05
S1:k115_6076,1e-05
S1:k115_1467,1e-05
S1:k115_7339,1e-05
S1:k115_1845,1e-05
S1:k115_1105,1e-05
S1:k115_2591,1e-05
S1:k115_4907,1e-05
S1:k115_9758,1e-05
S1:k115_6776,1e-05
S1:k115_3637,1e-05
S1:k115_6078,1e-05
S1:k115_8074,1e-05
S1:k115_1490,1e-05
S1:k115_9768,1e-05
S1:k115_2619,1e-05
S1:k115_6777,1e-05
S1:k115_1502,1e-05
S1:k115_6440,1e-05
S1:k115_7727,1e-05
S1:k115_3177,1e-05
S1:k115_7380,1e-05
S1:k115_5690,1e-05
S1:k115_788,1e-05
S1:k115_4909,1e-05
S1:k115_6123,1e-05
S1:k115_6797,1e-05
S1:k115_3193,1e-05
S1:k115_9360,1e-05
S1:k115_1887,1e-05
S1:k115_797,1e-05
S1:k115_6134,1e-05
S1:k115_1539,1e-05
S1:k115_4924,1e-05
S1:k115_1905,1e-05
S1:k115_8542,1e-05
S1:k115_6443,1e-05
S1:k115_1910,1e-05
S1:k115_2637,1e-05
S1:k115_8548,1e-05
S1:k115_5714,1e-05
S1:k115_4937,1e-05
S1:k115_800,1e-05
S1:k115_5243,1e-05
S1:k115_1923,1e-05
S1:k115_4939,1e-05
S1:k115_2639,1e-05
S1:k115_8140,1e-05
S1:k115_6465,1e-05
S1:k115_6815,1e-05
S1:k115_1134,1e-05
S1:k115_1940,1e-05
S1:k115_7403,1e-05
S1:k115_8561,1e-05
S1:k115_4956,1e-05
S1:k115_6823,1e-05
S1:k115_2432,1e-05
S1:k115_7407,1e-05
S1:k115_9805,1e-05
S1:k115_5259,1e-05
S1:k115_8567,1e-05
S1:k115_1551,1e-05
S1:k115_2436,1e-05
S1:k115_7743,1e-05
S1:k115_5264,1e-05
S1:k115_1565,1e-05
S1:k115_6174,1e-05
S1:k115_3668,1e-05
S1:k115_7429,1e-05
S1:k115_8582,1e-05
S1:k115_1571,1e-05
S1:k115_9807,1e-05
S1:k115_3680,1e-05
S1:k115_5295,1e-05
S1:k115_6482,1e-05
S1:k115_4464,1e-05
S1:k115_3217,1e-05
S1:k115_1589,1e-05
S1:k115_5726,1e-05
S1:k115_4477,1e-05
S1:k115_1594,1e-05
S1:k115_5317,1e-05
S1:k115_9839,1e-05
S1:k115_4481,1e-05
S1:k115_3219,1e-05
S1:k115_8633,1e-05
S1:k115_2024,1e-05
S1:k115_6190,1e-05
S1:k115_3220,1e-05
S1:k115_4494,1e-05
S1:k115_6194,1e-05
S1:k115_1609,1e-05
S1:k115_9844,1e-05
S1:k115_6872,1e-05
S1:k115_9397,1e-05
S1:k115_9846,1e-05
S1:k115_2455,1e-05
S1:k115_5774,1e-05
S1:k115_4512,1e-05
S1:k115_1625,1e-05
S1:k115_3687,1e-05
S1:k115_9407,1e-05
S1:k115_8181,1e-05
S1:k115_9858,1e-05
S1:k115_6518,1e-05
S1:k115_9412,1e-05
S1:k115_4120,1e-05
S1:k115_6531,1e-05
S1:k115_3286,1e-05
S1:k115_2697,1e-05
S1:k115_6924,1e-05
S1:k115_6929,1e-05
S1:k115_9433,1e-05
S1:k115_3296,1e-05
S1:k115_6935,1e-05
S1:k115_7822,1e-05
S1:k115_2047,1e-05
S1:k115_8235,1e-05
S1:k115_6570,1e-05
S1:k115_6572,1e-05
S1:k115_6573,1e-05
S1:k115_9451,1e-05
S1:k115_2744,1e-05
S1:k115_6580,1e-05
S1:k115_6583,1e-05
S1:k115_8249,1e-05
S1:k115_6963,1e-05
S1:k115_6606,1e-05
S1:k115_3693,1e-05
S1:k115_8253,1e-05
S1:k115_8254,1e-05
S1:k115_9469,1e-05
S1:k115_1637,1e-05
S1:k115_2799,1e-05
S1:k115_6988,1e-05
S1:k115_9486,1e-05
S1:k115_9878,1e-05
S1:k115_9495,1e-05
S1:k115_9889,1e-05
S1:k115_9899,1e-05
S1:k115_2859,1e-05
S2:k115_1656,1e-05
S2:k115_6198,1e-05
S2:k115_828,1e-05
S2:k115_1658,1e-05
S2:k115_2074,1e-05
S2:k115_9501,1e-05
S2:k115_7445,1e-05
S2:k115_4141,1e-05
S2:k115_4562,1e-05
S2:k115_7861,1e-05
S2:k115_5802,1e-05
S2:k115_2481,1e-05
S2:k115_9509,1e-05
S2:k115_7447,1e-05
S2:k115_2916,1e-05
S2:k115_9096,1e-05
S2:k115_1665,1e-05
S2:k115_8709,1e-05
S2:k115_3739,1e-05
S2:k115_1267,1e-05
S2:k115_437,1e-05
S2:k115_1275,1e-05
S2:k115_6620,1e-05
S2:k115_842,1e-05
S2:k115_843,1e-05
S2:k115_3318,1e-05
S2:k115_4583,1e-05
S2:k115_7868,1e-05
S2:k115_9524,1e-05
S2:k115_8308,1e-05
S2:k115_9127,1e-05
S2:k115_1695,1e-05
S2:k115_7043,1e-05
S2:k115_9525,1e-05
S2:k115_1298,1e-05
S2:k115_860,1e-05
S2:k115_9526,1e-05
S2:k115_4169,1e-05
S2:k115_8325,1e-05
S2:k115_6632,1e-05
S2:k115_1697,1e-05
S2:k115_4173,1e-05
S2:k115_7887,1e-05
S2:k115_7493,1e-05
S2:k115_871,1e-05
S2:k115_2515,1e-05
S2:k115_6636,1e-05
S2:k115_1319,1e-05
S2:k115_7500,1e-05
S2:k115_7046,1e-05
S2:k115_2123,1e-05
S2:k115_5000,1e-05
S2:k115_6222,1e-05
S2:k115_9154,1e-05
S2:k115_9544,1e-05
S2:k115_3361,1e-05
S2:k115_2520,1e-05
S2:k115_5001,1e-05
S2:k115_3362,1e-05
S2:k115_2974,1e-05
S2:k115_1716,1e-05
S2:k115_7903,1e-05
S2:k115_4607,1e-05
S2:k115_887,1e-05
S2:k115_2530,1e-05
S2:k115_2979,1e-05
S2:k115_2137,1e-05
S2:k115_2535,1e-05
S2:k115_7912,1e-05
S2:k115_2988,1e-05
S2:k115_6672,1e-05
S2:k115_1329,1e-05
S2:k115_9191,1e-05
S2:k115_5828,1e-05
S2:k115_2547,1e-05
S2:k115_8369,1e-05
S2:k115_2152,1e-05
S2:k115_3003,1e-05
S2:k115_6682,1e-05
S2:k115_6251,1e-05
S2:k115_7560,1e-05
S2:k115_2160,1e-05
S2:k115_490,1e-05
S2:k115_5023,1e-05
S2:k115_6683,1e-05
S2:k115_9590,1e-05
S2:k115_198,1e-05
S2:k115_4206,1e-05
S2:k115_492,1e-05
S2:k115_3027,1e-05
S2:k115_3438,1e-05
S2:k115_891,1e-05
S2:k115_9606,1e-05
S2:k115_8408,1e-05
S2:k115_3443,1e-05
S2:k115_5499,1e-05
S2:k115_1334,1e-05
S2:k115_7575,1e-05
S2:k115_3036,1e-05
S2:k115_4227,1e-05
S2:k115_216,1e-05
S2:k115_7070,1e-05
S2:k115_5036,1e-05
S2:k115_8755,1e-05
S2:k115_505,1e-05
S2:k115_1735,1e-05
S2:k115_3039,1e-05
S2:k115_3462,1e-05
S2:k115_4239,1e-05
S2:k115_9261,1e-05
S2:k115_3043,1e-05
S2:k115_1742,1e-05
S2:k115_5055,1e-05
S2:k115_5882,1e-05
S2:k115_7091,1e-05
S2:k115_2227,1e-05
S2:k115_3478,1e-05
S2:k115_9648,1e-05
S2:k115_6285,1e-05
S2:k115_524,1e-05
S2:k115_5885,1e-05
S2:k115_251,1e-05
S2:k115_8441,1e-05
S2:k115_7096,1e-05
S2:k115_3794,1e-05
S2:k115_3058,1e-05
S2:k115_9279,1e-05
S2:k115_264,1e-05
S2:k115_3061,1e-05
S2:k115_7644,1e-05
S2:k115_3801,1e-05
S2:k115_8802,1e-05
S2:k115_948,1e-05
S2:k115_8463,1e-05
S2:k115_5908,1e-05
S2:k115_7651,1e-05
S2:k115_3808,1e-05
S2:k115_3069,1e-05
S2:k115_7654,1e-05
S2:k115_278,1e-05
S2:k115_8473,1e-05
S2:k115_9671,1e-05
S2:k115_7942,1e-05
S2:k115_9676,1e-05
S2:k115_5932,1e-05
S2:k115_4282,1e-05
S2:k115_287,1e-05
S2:k115_7661,1e-05
S2:k115_8825,1e-05
S2:k115_6715,1e-05
S2:k115_9680,1e-05
S2:k115_5940,1e-05
S2:k115_7669,1e-05
S2:k115_8835,1e-05
S2:k115_5129,1e-05
S2:k115_4294,1e-05
S2:k115_5545,1e-05
S2:k115_8494,1e-05
S2:k115_5947,1e-05
S2:k115_588,1e-05
S2:k115_3080,1e-05
S2:k115_299,1e-05
S2:k115_4298,1e-05
S2:k115_1382,1e-05
S2:k115_7672,1e-05
S2:k115_7165,1e-05
S2:k115_3846,1e-05
S2:k115_300,1e-05
S2:k115_3083,1e-05
S2:k115_5961,1e-05
S2:k115_8501,1e-05
S2:k115_608,1e-05
S2:k115_7681,1e-05
S2:k115_1392,1e-05
S2:k115_9303,1e-05
S2:k115_2250,1e-05
S2:k115_3094,1e-05
S2:k115_610,1e-05
S2:k115_3856,1e-05
S2:k115_7201,1e-05
S2:k115_3857,1e-05
S2:k115_4777,1e-05
S2:k115_5563,1e-05
S2:k115_9317,1e-05
S2:k115_2268,1e-05
S2:k115_9323,1e-05
S2:k115_343,1e-05
S2:k115_7966,1e-05
S2:k115_5574,1e-05
S2:k115_3115,1e-05
S2:k115_4335,1e-05
S2:k115_6744,1e-05
S2:k115_3877,1e-05
S2:k115_8505,1e-05
S2:k115_5992,1e-05
S2:k115_1777,1e-05
S2:k115_8910,1e-05
S2:k115_5172,1e-05
S2:k115_5997,1e-05
S2:k115_2289,1e-05
S2:k115_4345,1e-05
S2:k115_7219,1e-05
S2:k115_5587,1e-05
S2:k115_8515,1e-05
S2:k115_646,1e-05
S2:k115_5177,1e-05
S2:k115_3485,1e-05
S2:k115_8516,1e-05
S2:k115_1779,1e-05
S2:k115_7220,1e-05
S2:k115_5179,1e-05
S2:k115_6004,1e-05
S2:k115_373,1e-05
S2:k115_5591,1e-05
S2:k115_6360,1e-05
S2:k115_1789,1e-05
S2:k115_3121,1e-05
S2:k115_383,1e-05
S2:k115_1790,1e-05
S2:k115_3897,1e-05
S2:k115_2568,1e-05
S2:k115_6362,1e-05
S2:k115_8014,1e-05
S2:k115_7245,1e-05
S2:k115_6034,1e-05
S2:k115_3122,1e-05
S2:k115_5606,1e-05
S2:k115_8021,1e-05
S2:k115_3522,1e-05
S2:k115_402,1e-05
S2:k115_3124,1e-05
S2:k115_1044,1e-05
S2:k115_4808,1e-05
S2:k115_6382,1e-05
S2:k115_404,1e-05
S2:k115_5619,1e-05
S2:k115_6049,1e-05
S2:k115_3128,1e-05
S2:k115_4372,1e-05
S2:k115_6053,1e-05
S2:k115_2359,1e-05
S2:k115_6754,1e-05
S2:k115_1070,1e-05
S2:k115_5195,1e-05
S2:k115_1418,1e-05
S2:k115_5649,1e-05
S2:k115_6768,1e-05
S2:k115_3150,1e-05
S2:k115_5201,1e-05
S2:k115_6065,1e-05
S2:k115_5651,1e-05
S2:k115_6067,1e-05
S2:k115_5654,1e-05
S2:k115_1819,1e-05
S2:k115_4402,1e-05
S2:k115_9743,1e-05
S2:k115_8065,1e-05
S2:k115_6395,1e-05
S2:k115_1440,1e-05
S2:k115_3959,1e-05
S2:k115_4887,1e-05
S2:k115_4411,1e-05
S2:k115_2576,1e-05
S2:k115_3602,1e-05
S2:k115_3976,1e-05
S2:k115_4893,1e-05
S2:k115_1091,1e-05
S2:k115_9751,1e-05
S2:k115_1467,1e-05
S2:k115_7339,1e-05
S2:k115_1845,1e-05
S2:k115_2591,1e-05
S2:k115_4907,1e-05
S2:k115_9758,1e-05
S2:k115_3171,1e-05
S2:k115_3637,1e-05
S2:k115_7357,1e-05
S2:k115_6078,1e-05
S2:k115_8074,1e-05
S2:k115_1490,1e-05
S2:k115_9768,1e-05
S2:k115_2619,1e-05
S2:k115_6777,1e-05
S2:k115_1502,1e-05
S2:k115_6440,1e-05
S2:k115_7727,1e-05
S2:k115_8094,1e-05
S2:k115_7380,1e-05
S2:k115_6113,1e-05
S2:k115_5690,1e-05
S2:k115_6786,1e-05
S2:k115_2631,1e-05
S2:k115_788,1e-05
S2:k115_4909,1e-05
S2:k115_1881,1e-05
S2:k115_6123,1e-05
S2:k115_6797,1e-05
S2:k115_3193,1e-05
S2:k115_9360,1e-05
S2:k115_1887,1e-05
S2:k115_8106,1e-05
S2:k115_6134,1e-05
S2:k115_1539,1e-05
S2:k115_4924,1e-05
S2:k115_1905,1e-05
S2:k115_8542,1e-05
S2:k115_1910,1e-05
S2:k115_8548,1e-05
S2:k115_5714,1e-05
S2:k115_4937,1e-05
S2:k115_800,1e-05
S2:k115_5243,1e-05
S2:k115_1923,1e-05
S2:k115_4939,1e-05
S2:k115_2639,1e-05
S2:k115_8140,1e-05
S2:k115_6465,1e-05
S2:k115_6815,1e-05
S2:k115_1134,1e-05
S2:k115_1940,1e-05
S2:k115_7403,1e-05
S2:k115_8561,1e-05
S2:k115_4956,1e-05
S2:k115_6823,1e-05
S2:k115_7407,1e-05
S2:k115_9805,1e-05
S2:k115_5259,1e-05
S2:k115_8567,1e-05
S2:k115_1551,1e-05
S2:k115_2436,1e-05
S2:k115_7743,1e-05
S2:k115_5264,1e-05
S2:k115_4442,1e-05
S2:k115_1565,1e-05
S2:k115_6174,1e-05
S2:k115_3668,1e-05
S2:k115_5716,1e-05
S2:k115_5272,1e-05
S2:k115_7429,1e-05
S2:k115_6176,1e-05
S2:k115_8582,1e-05
S2:k115_1571,1e-05
S2:k115_9807,1e-05
S2:k115_3680,1e-05
S2:k115_5295,1e-05
S2:k115_1999,1e-05
S2:k115_8149,1e-05
S2:k115_6482,1e-05
S2:k115_3217,1e-05
S2:k115_1589,1e-05
S2:k115_5726,1e-05
S2:k115_4477,1e-05
S2:k115_1594,1e-05
S2:k115_5317,1e-05
S2:k115_9839,1e-05
S2:k115_4481,1e-05
S2:k115_3219,1e-05
S2:k115_2024,1e-05
S2:k115_6190,1e-05
S2:k115_4494,1e-05
S2:k115_5340,1e-05
S2:k115_6194,1e-05
S2:k115_1609,1e-05
S2:k115_9844,1e-05
S2:k115_6496,1e-05
S2:k115_6872,1e-05
S2:k115_9846,1e-05
S2:k115_2455,1e-05
S2:k115_5774,1e-05
S2:k115_4512,1e-05
S2:k115_1625,1e-05
S2:k115_8964,1e-05
S2:k115_3687,1e-05
S2:k115_9407,1e-05
S2:k115_8181,1e-05
S2:k115_9412,1e-05
S2:k115_1237,1e-05
S2:k115_4120,1e-05
S2:k115_6531,1e-05
S2:k115_2697,1e-05
S2:k115_6929,1e-05
S2:k115_2698,1e-05
S2:k115_7814,1e-05
S2:k115_3296,1e-05
S2:k115_6935,1e-05
S2:k115_9439,1e-05
S2:k115_7822,1e-05
S2:k115_6570,1e-05
S2:k115_6572,1e-05
S2:k115_6573,1e-05
S2:k115_2744,1e-05
S2:k115_6580,1e-05
S2:k115_6583,1e-05
S2:k115_8249,1e-05
S2:k115_6606,1e-05
S2:k115_8253,1e-05
S2:k115_8254,1e-05
S2:k115_9469,1e-05
S2:k115_1637,1e-05
S2:k115_2799,1e-05
S2:k115_6988,1e-05
S2:k115_9486,1e-05
S2:k115_9495,1e-05
S2:k115_9889,1e-05
S2:k115_9899,1e-05
S2:k115_2859,1e-05
S3:k115_1656,1e-05
S3:k115_6198,1e-05
S3:k115_2895,1e-05
S3:k115_828,1e-05
S3:k115_1658,1e-05
S3:k115_2074,1e-05
S3:k115_9501,1e-05
S3:k115_7445,1e-05
S3:k115_4141,1e-05
S3:k115_4562,1e-05
S3:k115_1250,1e-05
S3:k115_5802,1e-05
S3:k115_4957,1e-05
S3:k115_9509,1e-05
S3:k115_7447,1e-05
S3:k115_1663,1e-05
S3:k115_1665,1e-05
S3:k115_8709,1e-05
S3:k115_1267,1e-05
S3:k115_430,1e-05
S3:k115_4974,1e-05
S3:k115_1275,1e-05
S3:k115_6620,1e-05
S3:k115_4148,1e-05
S3:k115_842,1e-05
S3:k115_843,1e-05
S3:k115_3318,1e-05
S3:k115_5431,1e-05
S3:k115_4583,1e-05
S3:k115_5432,1e-05
S3:k115_7868,1e-05
S3:k115_9127,1e-05
S3:k115_1695,1e-05
S3:k115_7043,1e-05
S3:k115_860,1e-05
S3:k115_9526,1e-05
S3:k115_4169,1e-05
S3:k115_8325,1e-05
S3:k115_459,1e-05
S3:k115_4173,1e-05
S3:k115_7887,1e-05
S3:k115_4987,1e-05
S3:k115_7493,1e-05
S3:k115_2515,1e-05
S3:k115_6636,1e-05
S3:k115_1319,1e-05
S3:k115_7500,1e-05
S3:k115_7046,1e-05
S3:k115_5000,1e-05
S3:k115_6222,1e-05
S3:k115_9154,1e-05
S3:k115_9544,1e-05
S3:k115_5461,1e-05
S3:k115_3361,1e-05
S3:k115_2520,1e-05
S3:k115_5001,1e-05
S3:k115_3362,1e-05
S3:k115_1716,1e-05
S3:k115_7903,1e-05
S3:k115_2127,1e-05
S3:k115_141,1e-05
S3:k115_4607,1e-05
S3:k115_887,1e-05
S3:k115_2530,1e-05
S3:k115_2979,1e-05
S3:k115_469,1e-05
S3:k115_2137,1e-05
S3:k115_2535,1e-05
S3:k115_7912,1e-05
S3:k115_2988,1e-05
S3:k115_6672,1e-05
S3:k115_1329,1e-05
S3:k115_5828,1e-05
S3:k115_2547,1e-05
S3:k115_8369,1e-05
S3:k115_2152,1e-05
S3:k115_3003,1e-05
S3:k115_4187,1e-05
S3:k115_6682,1e-05
S3:k115_6251,1e-05
S3:k115_7560,1e-05
S3:k115_2160,1e-05
S3:k115_490,1e-05
S3:k115_5023,1e-05
S3:k115_6683,1e-05
S3:k115_9590,1e-05
S3:k115_198,1e-05
S3:k115_4206,1e-05
S3:k115_492,1e-05
S3:k115_3027,1e-05
S3:k115_3438,1e-05
S3:k115_891,1e-05
S3:k115_8408,1e-05
S3:k115_3035,1e-05
S3:k115_3443,1e-05
S3:k115_5499,1e-05
S3:k115_1334,1e-05
S3:k115_7575,1e-05
S3:k115_5035,1e-05
S3:k115_3036,1e-05
S3:k115_4227,1e-05
S3:k115_216,1e-05
S3:k115_7070,1e-05
S3:k115_5036,1e-05
S3:k115_8755,1e-05
S3:k115_505,1e-05
S3:k115_1735,1e-05
S3:k115_6271,1e-05
S3:k115_3039,1e-05
S3:k115_3462,1e-05
S3:k115_4239,1e-05
S3:k115_9261,1e-05
S3:k115_3043,1e-05
S3:k115_1742,1e-05
S3:k115_7927,1e-05
S3:k115_5055,1e-05
S3:k115_5882,1e-05
S3:k115_2227,1e-05
S3:k115_3478,1e-05
S3:k115_9648,1e-05
S3:k115_6285,1e-05
S3:k115_9274,1e-05
S3:k115_524,1e-05
S3:k115_3786,1e-05
S3:k115_5885,1e-05
S3:k115_8441,1e-05
S3:k115_7096,1e-05
S3:k115_3794,1e-05
S3:k115_4700,1e-05
S3:k115_3058,1e-05
S3:k115_9279,1e-05
S3:k115_4257,1e-05
S3:k115_3061,1e-05
S3:k115_7644,1e-05
S3:k115_3801,1e-05
S3:k115_4716,1e-05
S3:k115_8802,1e-05
S3:k115_948,1e-05
S3:k115_9284,1e-05
S3:k115_8463,1e-05
S3:k115_5908,1e-05
S3:k115_7651,1e-05
S3:k115_3808,1e-05
S3:k115_3069,1e-05
S3:k115_7654,1e-05
S3:k115_278,1e-05
S3:k115_8473,1e-05
S3:k115_9671,1e-05
S3:k115_2232,1e-05
S3:k115_7134,1e-05
S3:k115_7942,1e-05
S3:k115_9676,1e-05
S3:k115_5932,1e-05
S3:k115_4282,1e-05
S3:k115_7661,1e-05
S3:k115_8825,1e-05
S3:k115_6715,1e-05
S3:k115_3829,1e-05
S3:k115_9680,1e-05
S3:k115_5940,1e-05
S3:k115_7669,1e-05
S3:k115_8835,1e-05
S3:k115_5129,1e-05
S3:k115_4294,1e-05
S3:k115_8494,1e-05
S3:k115_5947,1e-05
S3:k115_588,1e-05
S3:k115_3080,1e-05
S3:k115_4298,1e-05
S3:k115_1382,1e-05
S3:k115_7672,1e-05
S3:k115_3846,1e-05
S3:k115_300,1e-05
S3:k115_7953,1e-05
S3:k115_5961,1e-05
S3:k115_8501,1e-05
S3:k115_608,1e-05
S3:k115_7681,1e-05
S3:k115_1392,1e-05
S3:k115_2250,1e-05
S3:k115_3094,1e-05
S3:k115_610,1e-05
S3:k115_3856,1e-05
S3:k115_7201,1e-05
S3:k115_3857,1e-05
S3:k115_4777,1e-05
S3:k115_5563,1e-05
S3:k115_9317,1e-05
S3:k115_2268,1e-05
S3:k115_9323,1e-05
S3:k115_343,1e-05
S3:k115_7966,1e-05
S3:k115_5574,1e-05
S3:k115_3115,1e-05
S3:k115_4335,1e-05
S3:k115_6744,1e-05
S3:k115_3877,1e-05
S3:k115_8505,1e-05
S3:k115_5992,1e-05
S3:k115_8910,1e-05
S3:k115_5172,1e-05
S3:k115_5997,1e-05
S3:k115_2289,1e-05
S3:k115_4345,1e-05
S3:k115_7219,1e-05
S3:k115_5587,1e-05
S3:k115_646,1e-05
S3:k115_5177,1e-05
S3:k115_6359,1e-05
S3:k115_8516,1e-05
S3:k115_3120,1e-05
S3:k115_1779,1e-05
S3:k115_7220,1e-05
S3:k115_5179,1e-05
S3:k115_6004,1e-05
S3:k115_373,1e-05
S3:k115_5591,1e-05
S3:k115_6360,1e-05
S3:k115_1789,1e-05
S3:k115_3121,1e-05
S3:k115_383,1e-05
S3:k115_1790,1e-05
S3:k115_3897,1e-05
S3:k115_2568,1e-05
S3:k115_6362,1e-05
S3:k115_8014,1e-05
S3:k115_7245,1e-05
S3:k115_6034,1e-05
S3:k115_3122,1e-05
S3:k115_5606,1e-05
S3:k115_8021,1e-05
S3:k115_3522,1e-05
S3:k115_402,1e-05
S3:k115_3124,1e-05
S3:k115_1044,1e-05
S3:k115_4808,1e-05
S3:k115_6382,1e-05
S3:k115_404,1e-05
S3:k115_5619,1e-05
S3:k115_6049,1e-05
S3:k115_3128,1e-05
S3:k115_3924,1e-05
S3:k115_6053,1e-05
S3:k115_6754,1e-05
S3:k115_1070,1e-05
S3:k115_2360,1e-05
S3:k115_1418,1e-05
S3:k115_5649,1e-05
S3:k115_6768,1e-05
S3:k115_3571,1e-05
S3:k115_1812,1e-05
S3:k115_5201,1e-05
S3:k115_7287,1e-05
S3:k115_5651,1e-05
S3:k115_1076,1e-05
S3:k115_6067,1e-05
S3:k115_5203,1e-05
S3:k115_5654,1e-05
S3:k115_1819,1e-05
S3:k115_4402,1e-05
S3:k115_9743,1e-05
S3:k115_1440,1e-05
S3:k115_4887,1e-05
S3:k115_4411,1e-05
S3:k115_3602,1e-05
S3:k115_3976,1e-05
S3:k115_4893,1e-05
S3:k115_1091,1e-05
S3:k115_6076,1e-05
S3:k115_1467,1e-05
S3:k115_1845,1e-05
S3:k115_2591,1e-05
S3:k115_4907,1e-05
S3:k115_9758,1e-05
S3:k115_6776,1e-05
S3:k115_3171,1e-05
S3:k115_3637,1e-05
S3:k115_8074,1e-05
S3:k115_1490,1e-05
S3:k115_9768,1e-05
S3:k115_2619,1e-05
S3:k115_6777,1e-05
S3:k115_6440,1e-05
S3:k115_7727,1e-05
S3:k115_7380,1e-05
S3:k115_5690,1e-05
S3:k115_1881,1e-05
S3:k115_6123,1e-05
S3:k115_6797,1e-05
S3:k115_3193,1e-05
S3:k115_9360,1e-05
S3:k115_1887,1e-05
S3:k115_4916,1e-05
S3:k115_797,1e-05
S3:k115_8106,1e-05
S3:k115_6134,1e-05
S3:k115_1539,1e-05
S3:k115_4924,1e-05
S3:k115_1905,1e-05
S3:k115_8542,1e-05
S3:k115_6443,1e-05
S3:k115_1910,1e-05
S3:k115_8548,1e-05
S3:k115_5714,1e-05
S3:k115_4937,1e-05
S3:k115_1541,1e-05
S3:k115_5243,1e-05
S3:k115_1923,1e-05
S3:k115_4939,1e-05
S3:k115_2639,1e-05
S3:k115_6465,1e-05
S3:k115_6815,1e-05
S3:k115_1134,1e-05
S3:k115_1940,1e-05
S3:k115_7403,1e-05
S3:k115_8561,1e-05
S3:k115_4956,1e-05
S3:k115_6823,1e-05
S3:k115_7407,1e-05
S3:k115_5259,1e-05
S3:k115_8567,1e-05
S3:k115_1551,1e-05
S3:k115_2436,1e-05
S3:k115_7743,1e-05
S3:k115_5264,1e-05
S3:k115_1565,1e-05
S3:k115_6174,1e-05
S3:k115_3668,1e-05
S3:k115_7429,1e-05
S3:k115_6176,1e-05
S3:k115_8582,1e-05
S3:k115_1571,1e-05
S3:k115_2657,1e-05
S3:k115_2437,1e-05
S3:k115_3680,1e-05
S3:k115_7434,1e-05
S3:k115_5295,1e-05
S3:k115_6482,1e-05
S3:k115_4464,1e-05
S3:k115_3217,1e-05
S3:k115_1589,1e-05
S3:k115_4477,1e-05
S3:k115_1594,1e-05
S3:k115_5317,1e-05
S3:k115_9839,1e-05
S3:k115_4481,1e-05
S3:k115_3219,1e-05
S3:k115_5748,1e-05
S3:k115_2024,1e-05
S3:k115_6190,1e-05
S3:k115_3220,1e-05
S3:k115_4494,1e-05
S3:k115_7765,1e-05
S3:k115_6194,1e-05
S3:k115_1609,1e-05
S3:k115_9844,1e-05
S3:k115_6496,1e-05
S3:k115_6872,1e-05
S3:k115_9846,1e-05
S3:k115_2455,1e-05
S3:k115_4512,1e-05
S3:k115_1625,1e-05
S3:k115_3687,1e-05
S3:k115_9407,1e-05
S3:k115_6515,1e-05
S3:k115_8181,1e-05
S3:k115_9412,1e-05
S3:k115_1237,1e-05
S3:k115_4120,1e-05
S3:k115_6531,1e-05
S3:k115_3286,1e-05
S3:k115_2697,1e-05
S3:k115_6924,1e-05
S3:k115_1238,1e-05
S3:k115_6929,1e-05
S3:k115_9433,1e-05
S3:k115_7814,1e-05
S3:k115_3296,1e-05
S3:k115_6935,1e-05
S3:k115_9439,1e-05
S3:k115_7822,1e-05
S3:k115_2047,1e-05
S3:k115_8235,1e-05
S3:k115_6570,1e-05
S3:k115_6572,1e-05
S3:k115_6573,1e-05
S3:k115_2744,1e-05
S3:k115_6580,1e-05
S3:k115_6583,1e-05
S3:k115_8249,1e-05
S3:k115_6963,1e-05
S3:k115_6606,1e-05
S3:k115_3693,1e-05
S3:k115_8254,1e-05
S3:k115_9469,1e-05
S3:k115_1637,1e-05
S3:k115_2799,1e-05
S3:k115_6988,1e-05
S3:k115_9486,1e-05
S3:k115_9495,1e-05
S3:k115_9899,1e-05
S3:k115_2853,1e-05
S3:k115_2859,1e-05
S4:k115_1656,1e-05
S4:k115_8675,1e-05
S4:k115_6198,1e-05
S4:k115_2895,1e-05
S4:k115_828,1e-05
S4:k115_1658,1e-05
S4:k115_2074,1e-05
S4:k115_9501,1e-05
S4:k115_7445,1e-05
S4:k115_4141,1e-05
S4:k115_4562,1e-05
S4:k115_1250,1e-05
S4:k115_5802,1e-05
S4:k115_4957,1e-05
S4:k115_9509,1e-05
S4:k115_7447,1e-05
S4:k115_1663,1e-05
S4:k115_2916,1e-05
S4:k115_1665,1e-05
S4:k115_1267,1e-05
S4:k115_4974,1e-05
S4:k115_437,1e-05
S4:k115_1275,1e-05
S4:k115_4148,1e-05
S4:k115_842,1e-05
S4:k115_843,1e-05
S4:k115_3318,1e-05
S4:k115_5431,1e-05
S4:k115_4583,1e-05
S4:k115_5432,1e-05
S4:k115_7868,1e-05
S4:k115_9524,1e-05
S4:k115_9127,1e-05
S4:k115_1695,1e-05
S4:k115_7043,1e-05
S4:k115_9525,1e-05
S4:k115_1298,1e-05
S4:k115_860,1e-05
S4:k115_9526,1e-05
S4:k115_4169,1e-05
S4:k115_8325,1e-05
S4:k115_459,1e-05
S4:k115_4173,1e-05
S4:k115_7887,1e-05
S4:k115_4987,1e-05
S4:k115_7493,1e-05
S4:k115_2515,1e-05
S4:k115_6636,1e-05
S4:k115_1319,1e-05
S4:k115_7500,1e-05
S4:k115_7046,1e-05
S4:k115_6222,1e-05
S4:k115_9154,1e-05
S4:k115_9544,1e-05
S4:k115_5461,1e-05
S4:k115_3361,1e-05
S4:k115_2520,1e-05
S4:k115_5001,1e-05
S4:k115_3362,1e-05
S4:k115_2974,1e-05
S4:k115_1716,1e-05
S4:k115_7903,1e-05
S4:k115_887,1e-05
S4:k115_2530,1e-05
S4:k115_2979,1e-05
S4:k115_2137,1e-05
S4:k115_2535,1e-05
S4:k115_7912,1e-05
S4:k115_2988,1e-05
S4:k115_6240,1e-05
S4:k115_6672,1e-05
S4:k115_1329,1e-05
S4:k115_9191,1e-05
S4:k115_5828,1e-05
S4:k115_2547,1e-05
S4:k115_8369,1e-05
S4:k115_2152,1e-05
S4:k115_3003,1e-05
S4:k115_4187,1e-05
S4:k115_6682,1e-05
S4:k115_6251,1e-05
S4:k115_7560,1e-05
S4:k115_2160,1e-05
S4:k115_7058,1e-05
S4:k115_490,1e-05
S4:k115_5023,1e-05
S4:k115_6683,1e-05
S4:k115_198,1e-05
S4:k115_4206,1e-05
S4:k115_4654,1e-05
S4:k115_492,1e-05
S4:k115_3027,1e-05
S4:k115_891,1e-05
S4:k115_8408,1e-05
S4:k115_3035,1e-05
S4:k115_3443,1e-05
S4:k115_5499,1e-05
S4:k115_1334,1e-05
S4:k115_7575,1e-05
S4:k115_3036,1e-05
S4:k115_4227,1e-05
S4:k115_216,1e-05
S4:k115_7070,1e-05
S4:k115_5036,1e-05
S4:k115_8755,1e-05
S4:k115_1735,1e-05
S4:k115_6271,1e-05
S4:k115_3039,1e-05
S4:k115_3462,1e-05
S4:k115_4239,1e-05
S4:k115_9261,1e-05
S4:k115_3043,1e-05
S4:k115_1742,1e-05
S4:k115_7927,1e-05
S4:k115_5055,1e-05
S4:k115_5882,1e-05
S4:k115_4676,1e-05
S4:k115_7091,1e-05
S4:k115_2227,1e-05
S4:k115_3478,1e-05
S4:k115_9648,1e-05
S4:k115_6285,1e-05
S4:k115_9274,1e-05
S4:k115_524,1e-05
S4:k115_3786,1e-05
S4:k115_919,1e-05
S4:k115_5885,1e-05
S4:k115_8441,1e-05
S4:k115_7096,1e-05
S4:k115_3794,1e-05
S4:k115_4700,1e-05
S4:k115_3058,1e-05
S4:k115_9279,1e-05
S4:k115_264,1e-05
S4:k115_4257,1e-05
S4:k115_7644,1e-05
S4:k115_3801,1e-05
S4:k115_268,1e-05
S4:k115_4716,1e-05
S4:k115_8802,1e-05
S4:k115_9284,1e-05
S4:k115_8463,1e-05
S4:k115_5908,1e-05
S4:k115_7651,1e-05
S4:k115_3808,1e-05
S4:k115_3069,1e-05
S4:k115_7654,1e-05
S4:k115_278,1e-05
S4:k115_8473,1e-05
S4:k115_9671,1e-05
S4:k115_2232,1e-05
S4:k115_7942,1e-05
S4:k115_9676,1e-05
S4:k115_5932,1e-05
S4:k115_4282,1e-05
S4:k115_8825,1e-05
S4:k115_6715,1e-05
S4:k115_3829,1e-05
S4:k115_9680,1e-05
S4:k115_5940,1e-05
S4:k115_7669,1e-05
S4:k115_8835,1e-05
S4:k115_5129,1e-05
S4:k115_4294,1e-05
S4:k115_5545,1e-05
S4:k115_5947,1e-05
S4:k115_3080,1e-05
S4:k115_299,1e-05
S4:k115_4298,1e-05
S4:k115_1382,1e-05
S4:k115_3846,1e-05
S4:k115_9691,1e-05
S4:k115_300,1e-05
S4:k115_7953,1e-05
S4:k115_3083,1e-05
S4:k115_5961,1e-05
S4:k115_8501,1e-05
S4:k115_608,1e-05
S4:k115_7681,1e-05
S4:k115_1392,1e-05
S4:k115_3094,1e-05
S4:k115_610,1e-05
S4:k115_3856,1e-05
S4:k115_7201,1e-05
S4:k115_3857,1e-05
S4:k115_4777,1e-05
S4:k115_5563,1e-05
S4:k115_9317,1e-05
S4:k115_6356,1e-05
S4:k115_2268,1e-05
S4:k115_9323,1e-05
S4:k115_343,1e-05
S4:k115_5574,1e-05
S4:k115_3115,1e-05
S4:k115_4335,1e-05
S4:k115_6744,1e-05
S4:k115_3877,1e-05
S4:k115_5992,1e-05
S4:k115_8910,1e-05
S4:k115_5997,1e-05
S4:k115_2289,1e-05
S4:k115_4345,1e-05
S4:k115_7219,1e-05
S4:k115_5587,1e-05
S4:k115_646,1e-05
S4:k115_5177,1e-05
S4:k115_6359,1e-05
S4:k115_8516,1e-05
S4:k115_1779,1e-05
S4:k115_7220,1e-05
S4:k115_5179,1e-05
S4:k115_6004,1e-05
S4:k115_373,1e-05
S4:k115_5591,1e-05
S4:k115_6360,1e-05
S4:k115_1789,1e-05
S4:k115_3121,1e-05
S4:k115_383,1e-05
S4:k115_1790,1e-05
S4:k115_3897,1e-05
S4:k115_2568,1e-05
S4:k115_6362,1e-05
S4:k115_8014,1e-05
S4:k115_6034,1e-05
S4:k115_3122,1e-05
S4:k115_5606,1e-05
S4:k115_3522,1e-05
S4:k115_402,1e-05
S4:k115_3124,1e-05
S4:k115_1044,1e-05
S4:k115_4808,1e-05
S4:k115_6382,1e-05
S4:k115_404,1e-05
S4:k115_5619,1e-05
S4:k115_6049,1e-05
S4:k115_3128,1e-05
S4:k115_8040,1e-05
S4:k115_6053,1e-05
S4:k115_2359,1e-05
S4:k115_1070,1e-05
S4:k115_2360,1e-05
S4:k115_1418,1e-05
S4:k115_5649,1e-05
S4:k115_6768,1e-05
S4:k115_3571,1e-05
S4:k115_3150,1e-05
S4:k115_5201,1e-05
S4:k115_5651,1e-05
S4:k115_1076,1e-05
S4:k115_6067,1e-05
S4:k115_5203,1e-05
S4:k115_5654,1e-05
S4:k115_1819,1e-05
S4:k115_4402,1e-05
S4:k115_9743,1e-05
S4:k115_8065,1e-05
S4:k115_6395,1e-05
S4:k115_1440,1e-05
S4:k115_3959,1e-05
S4:k115_1821,1e-05
S4:k115_4887,1e-05
S4:k115_4411,1e-05
S4:k115_3602,1e-05
S4:k115_4893,1e-05
S4:k115_1091,1e-05
S4:k115_9751,1e-05
S4:k115_6076,1e-05
S4:k115_1467,1e-05
S4:k115_7339,1e-05
S4:k115_1845,1e-05
S4:k115_6420,1e-05
S4:k115_2591,1e-05
S4:k115_4907,1e-05
S4:k115_9758,1e-05
S4:k115_6776,1e-05
S4:k115_7690,1e-05
S4:k115_3637,1e-05
S4:k115_8074,1e-05
S4:k115_1490,1e-05
S4:k115_9768,1e-05
S4:k115_769,1e-05
S4:k115_2619,1e-05
S4:k115_1502,1e-05
S4:k115_7727,1e-05
S4:k115_4035,1e-05
S4:k115_3177,1e-05
S4:k115_7380,1e-05
S4:k115_6786,1e-05
S4:k115_2631,1e-05
S4:k115_788,1e-05
S4:k115_6123,1e-05
S4:k115_6797,1e-05
S4:k115_3193,1e-05
S4:k115_9360,1e-05
S4:k115_4916,1e-05
S4:k115_797,1e-05
S4:k115_8106,1e-05
S4:k115_6134,1e-05
S4:k115_1539,1e-05
S4:k115_4924,1e-05
S4:k115_1905,1e-05
S4:k115_8542,1e-05
S4:k115_6443,1e-05
S4:k115_1910,1e-05
S4:k115_8548,1e-05
S4:k115_5714,1e-05
S4:k115_4937,1e-05
S4:k115_1541,1e-05
S4:k115_800,1e-05
S4:k115_5243,1e-05
S4:k115_1923,1e-05
S4:k115_4939,1e-05
S4:k115_2639,1e-05
S4:k115_8140,1e-05
S4:k115_6465,1e-05
S4:k115_1134,1e-05
S4:k115_1940,1e-05
S4:k115_7403,1e-05
S4:k115_8561,1e-05
S4:k115_4956,1e-05
S4:k115_6823,1e-05
S4:k115_7407,1e-05
S4:k115_9805,1e-05
S4:k115_5259,1e-05
S4:k115_8567,1e-05
S4:k115_1551,1e-05
S4:k115_2436,1e-05
S4:k115_7743,1e-05
S4:k115_5264,1e-05
S4:k115_1565,1e-05
S4:k115_6174,1e-05
S4:k115_3668,1e-05
S4:k115_7429,1e-05
S4:k115_6176,1e-05
S4:k115_8582,1e-05
S4:k115_1571,1e-05
S4:k115_1191,1e-05
S4:k115_3680,1e-05
S4:k115_5295,1e-05
S4:k115_6482,1e-05
S4:k115_4464,1e-05
S4:k115_3217,1e-05
S4:k115_1589,1e-05
S4:k115_5726,1e-05
S4:k115_4477,1e-05
S4:k115_1594,1e-05
S4:k115_5317,1e-05
S4:k115_9839,1e-05
S4:k115_6844,1e-05
S4:k115_4481,1e-05
S4:k115_3219,1e-05
S4:k115_5748,1e-05
S4:k115_2024,1e-05
S4:k115_6190,1e-05
S4:k115_4494,1e-05
S4:k115_6194,1e-05
S4:k115_1609,1e-05
S4:k115_9844,1e-05
S4:k115_9397,1e-05
S4:k115_9846,1e-05
S4:k115_2455,1e-05
S4:k115_5774,1e-05
S4:k115_4512,1e-05
S4:k115_1625,1e-05
S4:k115_3687,1e-05
S4:k115_9407,1e-05
S4:k115_9858,1e-05
S4:k115_6518,1e-05
S4:k115_1237,1e-05
S4:k115_4120,1e-05
S4:k115_6531,1e-05
S4:k115_9859,1e-05
S4:k115_3286,1e-05
S4:k115_2697,1e-05
S4:k115_6924,1e-05
S4:k115_1238,1e-05
S4:k115_6929,1e-05
S4:k115_7814,1e-05
S4:k115_3296,1e-05
S4:k115_6935,1e-05
S4:k115_9439,1e-05
S4:k115_7822,1e-05
S4:k115_8235,1e-05
S4:k115_6570,1e-05
S4:k115_6572,1e-05
S4:k115_6573,1e-05
S4:k115_2744,1e-05
S4:k115_6580,1e-05
S4:k115_8247,1e-05
S4:k115_6583,1e-05
S4:k115_8249,1e-05
S4:k115_8254,1e-05
S4:k115_9469,1e-05
S4:k115_1637,1e-05
S4:k115_2799,1e-05
S4:k115_6988,1e-05
S4:k115_9486,1e-05
S4:k115_9878,1e-05
S4:k115_2821,1e-05
S4:k115_9495,1e-05
S4:k115_9899,1e-05
S4:k115_2853,1e-05
S5:k115_1656,1e-05
S5:k115_6198,1e-05
S5:k115_2895,1e-05
S5:k115_828,1e-05
S5:k115_1658,1e-05
S5:k115_2074,1e-05
S5:k115_9501,1e-05
S5:k115_7445,1e-05
S5:k115_4141,1e-05
S5:k115_4562,1e-05
S5:k115_1250,1e-05
S5:k115_7861,1e-05
S5:k115_5802,1e-05
S5:k115_4957,1e-05
S5:k115_9509,1e-05
S5:k115_7447,1e-05
S5:k115_1665,1e-05
S5:k115_8709,1e-05
S5:k115_1267,1e-05
S5:k115_9510,1e-05
S5:k115_437,1e-05
S5:k115_1275,1e-05
S5:k115_6620,1e-05
S5:k115_4580,1e-05
S5:k115_842,1e-05
S5:k115_6623,1e-05
S5:k115_843,1e-05
S5:k115_3318,1e-05
S5:k115_5431,1e-05
S5:k115_5432,1e-05
S5:k115_7868,1e-05
S5:k115_9524,1e-05
S5:k115_9127,1e-05
S5:k115_1695,1e-05
S5:k115_7043,1e-05
S5:k115_9525,1e-05
S5:k115_860,1e-05
S5:k115_9526,1e-05
S5:k115_4169,1e-05
S5:k115_8325,1e-05
S5:k115_4173,1e-05
S5:k115_7887,1e-05
S5:k115_7493,1e-05
S5:k115_871,1e-05
S5:k115_2515,1e-05
S5:k115_6636,1e-05
S5:k115_1319,1e-05
S5:k115_7500,1e-05
S5:k115_7046,1e-05
S5:k115_2123,1e-05
S5:k115_5000,1e-05
S5:k115_6222,1e-05
S5:k115_9154,1e-05
S5:k115_9544,1e-05
S5:k115_5461,1e-05
S5:k115_3361,1e-05
S5:k115_2520,1e-05
S5:k115_5001,1e-05
S5:k115_3362,1e-05
S5:k115_2974,1e-05
S5:k115_1716,1e-05
S5:k115_7903,1e-05
S5:k115_887,1e-05
S5:k115_2530,1e-05
S5:k115_2979,1e-05
S5:k115_469,1e-05
S5:k115_2137,1e-05
S5:k115_2535,1e-05
S5:k115_2988,1e-05
S5:k115_6240,1e-05
S5:k115_6672,1e-05
S5:k115_1329,1e-05
S5:k115_474,1e-05
S5:k115_9191,1e-05
S5:k115_5828,1e-05
S5:k115_2547,1e-05
S5:k115_8369,1e-05
S5:k115_2152,1e-05
S5:k115_3003,1e-05
S5:k115_4187,1e-05
S5:k115_6682,1e-05
S5:k115_6251,1e-05
S5:k115_7560,1e-05
S5:k115_2160,1e-05
S5:k115_490,1e-05
S5:k115_5023,1e-05
S5:k115_1723,1e-05
S5:k115_6683,1e-05
S5:k115_9212,1e-05
S5:k115_198,1e-05
S5:k115_4206,1e-05
S5:k115_4654,1e-05
S5:k115_492,1e-05
S5:k115_3027,1e-05
S5:k115_3438,1e-05
S5:k115_891,1e-05
S5:k115_8408,1e-05
S5:k115_3035,1e-05
S5:k115_3443,1e-05
S5:k115_5499,1e-05
S5:k115_1334,1e-05
S5:k115_7575,1e-05
S5:k115_5035,1e-05
S5:k115_3036,1e-05
S5:k115_4227,1e-05
S5:k115_216,1e-05
S5:k115_7070,1e-05
S5:k115_5036,1e-05
S5:k115_8755,1e-05
S5:k115_1735,1e-05
S5:k115_3039,1e-05
S5:k115_3462,1e-05
S5:k115_4239,1e-05
S5:k115_9261,1e-05
S5:k115_1742,1e-05
S5:k115_7927,1e-05
S5:k115_5055,1e-05
S5:k115_5882,1e-05
S5:k115_2227,1e-05
S5:k115_3478,1e-05
S5:k115_9648,1e-05
S5:k115_6285,1e-05
S5:k115_9274,1e-05
S5:k115_524,1e-05
S5:k115_5885,1e-05
S5:k115_251,1e-05
S5:k115_8441,1e-05
S5:k115_7096,1e-05
S5:k115_3794,1e-05
S5:k115_4700,1e-05
S5:k115_3058,1e-05
S5:k115_9279,1e-05
S5:k115_264,1e-05
S5:k115_4257,1e-05
S5:k115_3061,1e-05
S5:k115_7644,1e-05
S5:k115_3801,1e-05
S5:k115_8802,1e-05
S5:k115_948,1e-05
S5:k115_9284,1e-05
S5:k115_8463,1e-05
S5:k115_5908,1e-05
S5:k115_7651,1e-05
S5:k115_3808,1e-05
S5:k115_7654,1e-05
S5:k115_278,1e-05
S5:k115_8473,1e-05
S5:k115_9671,1e-05
S5:k115_2232,1e-05
S5:k115_7134,1e-05
S5:k115_7942,1e-05
S5:k115_9676,1e-05
S5:k115_5932,1e-05
S5:k115_4282,1e-05
S5:k115_7661,1e-05
S5:k115_8825,1e-05
S5:k115_6715,1e-05
S5:k115_3829,1e-05
S5:k115_9680,1e-05
S5:k115_5940,1e-05
S5:k115_9298,1e-05
S5:k115_7669,1e-05
S5:k115_8835,1e-05
S5:k115_6719,1e-05
S5:k115_5129,1e-05
S5:k115_4294,1e-05
S5:k115_5545,1e-05
S5:k115_8494,1e-05
S5:k115_5947,1e-05
S5:k115_3080,1e-05
S5:k115_299,1e-05
S5:k115_4298,1e-05
S5:k115_1382,1e-05
S5:k115_9691,1e-05
S5:k115_300,1e-05
S5:k115_3083,1e-05
S5:k115_5961,1e-05
S5:k115_608,1e-05
S5:k115_7681,1e-05
S5:k115_1392,1e-05
S5:k115_9303,1e-05
S5:k115_2250,1e-05
S5:k115_3094,1e-05
S5:k115_610,1e-05
S5:k115_3856,1e-05
S5:k115_7201,1e-05
S5:k115_3857,1e-05
S5:k115_4777,1e-05
S5:k115_5563,1e-05
S5:k115_9317,1e-05
S5:k115_6356,1e-05
S5:k115_9323,1e-05
S5:k115_343,1e-05
S5:k115_7966,1e-05
S5:k115_5574,1e-05
S5:k115_3115,1e-05
S5:k115_4335,1e-05
S5:k115_6744,1e-05
S5:k115_3877,1e-05
S5:k115_8910,1e-05
S5:k115_5997,1e-05
S5:k115_2289,1e-05
S5:k115_4345,1e-05
S5:k115_7219,1e-05
S5:k115_646,1e-05
S5:k115_5177,1e-05
S5:k115_3120,1e-05
S5:k115_1779,1e-05
S5:k115_7220,1e-05
S5:k115_5179,1e-05
S5:k115_6004,1e-05
S5:k115_373,1e-05
S5:k115_5591,1e-05
S5:k115_6360,1e-05
S5:k115_1789,1e-05
S5:k115_3121,1e-05
S5:k115_383,1e-05
S5:k115_1790,1e-05
S5:k115_3897,1e-05
S5:k115_2568,1e-05
S5:k115_6362,1e-05
S5:k115_8014,1e-05
S5:k115_6034,1e-05
S5:k115_3122,1e-05
S5:k115_5606,1e-05
S5:k115_8021,1e-05
S5:k115_3522,1e-05
S5:k115_9358,1e-05
S5:k115_402,1e-05
S5:k115_3124,1e-05
S5:k115_1044,1e-05
S5:k115_4808,1e-05
S5:k115_6382,1e-05
S5:k115_404,1e-05
S5:k115_5619,1e-05
S5:k115_6049,1e-05
S5:k115_3128,1e-05
S5:k115_8040,1e-05
S5:k115_6053,1e-05
S5:k115_1807,1e-05
S5:k115_2359,1e-05
S5:k115_6754,1e-05
S5:k115_5195,1e-05
S5:k115_2360,1e-05
S5:k115_1418,1e-05
S5:k115_5649,1e-05
S5:k115_6768,1e-05
S5:k115_3571,1e-05
S5:k115_1812,1e-05
S5:k115_5201,1e-05
S5:k115_7287,1e-05
S5:k115_5651,1e-05
S5:k115_1076,1e-05
S5:k115_6067,1e-05
S5:k115_5203,1e-05
S5:k115_5654,1e-05
S5:k115_1819,1e-05
S5:k115_9743,1e-05
S5:k115_6395,1e-05
S5:k115_1440,1e-05
S5:k115_3959,1e-05
S5:k115_1821,1e-05
S5:k115_4887,1e-05
S5:k115_4411,1e-05
S5:k115_3602,1e-05
S5:k115_3976,1e-05
S5:k115_4893,1e-05
S5:k115_724,1e-05
S5:k115_1091,1e-05
S5:k115_6076,1e-05
S5:k115_1467,1e-05
S5:k115_1845,1e-05
S5:k115_2591,1e-05
S5:k115_4907,1e-05
S5:k115_3637,1e-05
S5:k115_7357,1e-05
S5:k115_8074,1e-05
S5:k115_1490,1e-05
S5:k115_9768,1e-05
S5:k115_769,1e-05
S5:k115_2619,1e-05
S5:k115_6777,1e-05
S5:k115_1502,1e-05
S5:k115_6440,1e-05
S5:k115_7727,1e-05
S5:k115_8094,1e-05
S5:k115_7380,1e-05
S5:k115_6113,1e-05
S5:k115_5690,1e-05
S5:k115_2631,1e-05
S5:k115_788,1e-05
S5:k115_4909,1e-05
S5:k115_1881,1e-05
S5:k115_6123,1e-05
S5:k115_6797,1e-05
S5:k115_3193,1e-05
S5:k115_9360,1e-05
S5:k115_1887,1e-05
S5:k115_4916,1e-05
S5:k115_797,1e-05
S5:k115_6134,1e-05
S5:k115_1539,1e-05
S5:k115_4924,1e-05
S5:k115_1905,1e-05
S5:k115_8542,1e-05
S5:k115_1910,1e-05
S5:k115_8548,1e-05
S5:k115_5714,1e-05
S5:k115_4937,1e-05
S5:k115_800,1e-05
S5:k115_5243,1e-05
S5:k115_4939,1e-05
S5:k115_2639,1e-05
S5:k115_6465,1e-05
S5:k115_6815,1e-05
S5:k115_1134,1e-05
S5:k115_1940,1e-05
S5:k115_7403,1e-05
S5:k115_8561,1e-05
S5:k115_4956,1e-05
S5:k115_6823,1e-05
S5:k115_7407,1e-05
S5:k115_9805,1e-05
S5:k115_5259,1e-05
S5:k115_8567,1e-05
S5:k115_1551,1e-05
S5:k115_2436,1e-05
S5:k115_7743,1e-05
S5:k115_5264,1e-05
S5:k115_1565,1e-05
S5:k115_6174,1e-05
S5:k115_3668,1e-05
S5:k115_5272,1e-05
S5:k115_7429,1e-05
S5:k115_6176,1e-05
S5:k115_8582,1e-05
S5:k115_1571,1e-05
S5:k115_3680,1e-05
S5:k115_5295,1e-05
S5:k115_6482,1e-05
S5:k115_4464,1e-05
S5:k115_3217,1e-05
S5:k115_1589,1e-05
S5:k115_5726,1e-05
S5:k115_4477,1e-05
S5:k115_1594,1e-05
S5:k115_5317,1e-05
S5:k115_9839,1e-05
S5:k115_4481,1e-05
S5:k115_3219,1e-05
S5:k115_5748,1e-05
S5:k115_2024,1e-05
S5:k115_6190,1e-05
S5:k115_4494,1e-05
S5:k115_6194,1e-05
S5:k115_1609,1e-05
S5:k115_9844,1e-05
S5:k115_6872,1e-05
S5:k115_9397,1e-05
S5:k115_9846,1e-05
S5:k115_2455,1e-05
S5:k115_4512,1e-05
S5:k115_1625,1e-05
S5:k115_3687,1e-05
S5:k115_8181,1e-05
S5:k115_9858,1e-05
S5:k115_6518,1e-05
S5:k115_9412,1e-05
S5:k115_4120,1e-05
S5:k115_6531,1e-05
S5:k115_3286,1e-05
S5:k115_2697,1e-05
S5:k115_6924,1e-05
S5:k115_1238,1e-05
S5:k115_6929,1e-05
S5:k115_9433,1e-05
S5:k115_2698,1e-05
S5:k115_7814,1e-05
S5:k115_3296,1e-05
S5:k115_6935,1e-05
S5:k115_9439,1e-05
S5:k115_7822,1e-05
S5:k115_2047,1e-05
S5:k115_6549,1e-05
S5:k115_8235,1e-05
S5:k115_6570,1e-05
S5:k115_6572,1e-05
S5:k115_6573,1e-05
S5:k115_2744,1e-05
S5:k115_6580,1e-05
S5:k115_6583,1e-05
S5:k115_8249,1e-05
S5:k115_6963,1e-05
S5:k115_6606,1e-05
S5:k115_3693,1e-05
S5:k115_9469,1e-05
S5:k115_1637,1e-05
S5:k115_2799,1e-05
S5:k115_6988,1e-05
S5:k115_9495,1e-05
S5:k115_9899,1e-05
S5:k115_2853,1e-05
S5:k115_2859,1e-05
